ID,incident_type,receiver_name,initiator_name,initiator_country,attribution_date,attribution_type,attribution_basis,attributing_country,attributed_initiator,attributed_initiator_country,offline_conflict_issue,MITRE_impact,data_theft,hijacking,unweighted_cyber_intensity,weighted_cyber_intensity,impact_indicator,impact_indicator_value,functional_impact,intelligence_impact,state_responsibility_indicator,IL_breach_indicator,IL_breach_indicator_subcode,legal_response_indicator
3719,12,126,21,33,1970-01-01 00:00:00.000000413,7,0,43,34,53,3,7,0,1,0,3.0,3,0.0,3,4,2,19,10,3
3703,5,348,39,52,1970-01-01 00:00:00.000000412,61,0,81,59,100,16,7,0,1,0,3.0,3,0.0,3,4,2,19,10,3
3704,14,234,104,33,1970-01-01 00:00:00.000000412,80,59,28,127,53,24,7,0,1,0,3.0,3,0.0,3,4,2,19,10,3
3708,14,235,91,5,1970-01-01 00:00:00.000000411,80,59,33,114,5,24,7,0,1,0,3.0,3,0.0,3,4,2,19,10,3
3701,4,151,1,33,1970-01-01 00:00:00.000000357,7,0,43,1,53,3,7,0,1,0,3.0,3,0.0,3,4,2,19,10,3
3679,22,166,123,33,1970-01-01 00:00:00.000000410,61,0,43,149,53,3,7,2,2,0,3.0,3,0.0,3,4,2,19,10,3
3675,14,220,24,22,1970-01-01 00:00:00.000000409,96,28,36,40,40,15,7,0,1,0,3.0,3,0.0,3,4,2,19,10,3
3673,25,229,190,33,1970-01-01 00:00:00.000000406,80,59,95,235,53,3,7,0,1,0,3.0,3,0.0,3,4,2,19,10,3
3664,18,225,26,33,1970-01-01 00:00:00.000000408,9,23,132,50,56,11,7,0,1,0,3.0,3,0.0,3,4,2,19,10,3
3668,20,45,210,33,1970-01-01 00:00:00.000000406,80,59,69,263,53,3,7,0,1,0,3.0,3,0.0,3,4,2,19,10,3
3670,14,220,79,5,1970-01-01 00:00:00.000000407,80,59,95,102,5,24,7,0,1,0,3.0,3,0.0,3,4,2,19,10,3
3671,14,220,19,5,1970-01-01 00:00:00.000000406,80,59,95,31,5,14,7,0,1,0,3.0,3,0.0,3,4,2,19,10,3
3657,20,257,212,40,1970-01-01 00:00:00.000000414,43,22,95,266,70,3,6,2,1,4,4.0,0,8.0,5,4,2,26,23,0
3651,8,26,72,52,1970-01-01 00:00:00.000000405,64,19,86,95,104,16,7,0,1,0,3.0,3,0.0,3,4,2,19,10,3
3640,18,308,21,33,1970-01-01 00:00:00.000000414,7,84,13,34,53,3,7,0,1,0,3.0,3,0.0,3,4,2,19,10,3
3642,18,345,162,52,1970-01-01 00:00:00.000000404,0,0,81,201,100,16,7,0,1,0,3.0,3,0.0,3,4,2,19,10,3
3639,25,220,272,40,1970-01-01 00:00:00.000000403,80,22,81,332,70,16,7,0,1,0,3.0,3,0.0,3,4,2,19,10,3
3634,18,33,261,1,1970-01-01 00:00:00.000000402,61,0,5,320,1,10,7,0,1,0,3.0,3,0.0,3,4,2,19,10,3
3624,12,220,190,33,1970-01-01 00:00:00.000000414,46,83,43,235,53,3,7,0,1,0,3.0,3,0.0,3,4,2,19,10,3
3622,9,284,212,33,1970-01-01 00:00:00.000000401,7,0,43,266,53,3,7,0,1,0,3.0,3,0.0,3,4,2,19,10,3
3614,8,162,128,33,1970-01-01 00:00:00.000000400,7,0,43,155,53,3,7,0,1,0,3.0,3,0.0,3,4,2,19,10,3
3617,21,294,156,33,1970-01-01 00:00:00.000000398,9,1,45,195,56,19,7,0,1,0,3.0,3,0.0,3,4,2,19,10,3
3607,18,311,199,40,1970-01-01 00:00:00.000000399,9,1,63,250,72,17,7,0,1,0,3.0,3,0.0,3,4,2,19,10,3
3599,8,120,166,33,1970-01-01 00:00:00.000000397,7,0,43,207,53,3,7,0,1,0,3.0,3,0.0,3,4,2,19,10,3
3594,20,339,153,33,1970-01-01 00:00:00.000000396,7,0,43,192,53,3,7,0,1,0,3.0,3,0.0,3,4,2,19,10,3
3585,4,95,150,33,1970-01-01 00:00:00.000000393,61,0,43,189,53,3,9,0,1,5,5.0,0,10.0,1,3,2,26,10,3
3582,12,304,49,33,1970-01-01 00:00:00.000000395,7,77,71,71,53,3,9,0,1,5,5.0,0,9.0,5,2,2,37,22,3
3579,14,238,101,5,1970-01-01 00:00:00.000000394,80,59,95,124,5,14,7,0,1,3,3.0,0,7.0,3,2,1,9,33,0
3574,12,47,49,33,1970-01-01 00:00:00.000000392,0,77,95,71,53,3,9,0,1,5,5.0,1,11.0,5,2,2,19,10,3
3566,12,16,43,33,1970-01-01 00:00:00.000000391,7,0,43,63,53,3,9,0,1,5,5.0,0,8.0,1,2,2,26,10,3
3565,12,254,87,28,1970-01-01 00:00:00.000000390,7,0,43,110,48,3,7,0,1,5,5.0,0,8.0,1,2,2,19,10,3
3559,14,335,242,33,1970-01-01 00:00:00.000000389,7,0,43,301,53,3,7,0,1,3,3.0,0,6.0,3,2,3,37,9,3
3553,19,182,162,52,1970-01-01 00:00:00.000000389,0,0,81,201,100,16,13,2,1,3,3.0,0,6.0,0,4,0,0,3,0
3549,19,193,134,13,1970-01-01 00:00:00.000000388,33,22,69,161,22,3,3,2,1,4,4.0,0,9.0,5,4,2,51,10,1
3539,19,349,190,33,1970-01-01 00:00:00.000000414,46,83,43,235,53,24,20,2,1,4,4.0,0,7.0,1,4,3,52,10,3
3536,8,6,112,33,1970-01-01 00:00:00.000000414,7,0,43,136,53,3,7,0,1,3,3.0,3,0.0,3,4,2,19,10,3
3527,14,233,148,33,1970-01-01 00:00:00.000000387,80,59,95,187,53,24,7,0,1,3,3.0,3,0.0,3,4,2,19,10,3
3502,20,46,118,33,1970-01-01 00:00:00.000000385,7,0,43,144,53,16,6,2,1,4,4.0,0,7.0,1,4,3,3,19,3
3506,15,220,174,22,1970-01-01 00:00:00.000000386,80,59,95,215,37,3,9,0,1,3,3.0,0,8.0,1,2,1,16,30,0
3488,9,20,43,33,1970-01-01 00:00:00.000000384,61,0,43,63,53,3,7,0,1,3,3.0,3,0.0,3,4,2,19,10,3
3486,12,161,150,33,1970-01-01 00:00:00.000000384,61,0,43,189,53,3,9,0,1,5,5.0,3,0.0,3,4,2,19,10,3
3484,4,256,57,33,1970-01-01 00:00:00.000000288,7,0,43,79,53,3,9,0,1,5,5.0,3,0.0,3,4,2,19,10,3
3473,19,3,162,52,1970-01-01 00:00:00.000000382,0,0,81,201,100,16,20,2,1,4,4.0,3,0.0,3,4,2,19,10,3
3466,15,323,43,33,1970-01-01 00:00:00.000000380,7,0,43,63,53,3,7,0,1,3,3.0,3,0.0,3,4,2,19,10,3
3455,12,18,43,40,1970-01-01 00:00:00.000000383,43,77,95,63,70,3,9,0,1,5,5.0,3,0.0,3,4,2,19,10,3
3446,14,89,142,33,1970-01-01 00:00:00.000000381,7,0,43,175,53,3,7,0,1,3,3.0,3,0.0,3,4,2,19,10,3
3444,14,143,190,33,1970-01-01 00:00:00.000000414,46,83,43,235,53,3,7,0,1,3,3.0,3,0.0,3,4,2,19,10,3
3436,9,99,89,33,1970-01-01 00:00:00.000000378,7,0,43,112,53,3,7,0,1,3,3.0,3,0.0,3,4,2,19,10,3
3433,23,224,190,5,1970-01-01 00:00:00.000000414,7,0,10,235,5,24,20,2,1,2,2.0,3,0.0,3,4,2,19,10,3
3432,19,233,190,40,1970-01-01 00:00:00.000000379,55,30,125,240,84,24,2,2,1,5,8.0,3,0.0,3,4,2,19,10,3
3427,4,216,166,33,1970-01-01 00:00:00.000000376,7,0,43,207,53,3,7,1,1,6,6.0,3,0.0,3,4,2,19,10,3
3430,14,105,150,40,1970-01-01 00:00:00.000000383,43,77,21,189,70,3,7,1,1,4,4.0,0,8.0,3,0,2,27,12,0
3425,19,139,40,54,1970-01-01 00:00:00.000000377,13,4,84,60,106,16,3,2,1,4,6.0,0,7.0,1,4,0,44,5,0
3415,19,330,199,40,1970-01-01 00:00:00.000000371,9,1,63,251,72,9,20,2,1,3,3.0,3,0.0,3,4,2,19,10,3
3414,15,255,49,33,1970-01-01 00:00:00.000000374,7,0,43,71,53,3,7,1,1,4,4.0,3,0.0,3,4,2,19,10,3
3401,14,220,24,22,1970-01-01 00:00:00.000000374,47,22,34,38,37,15,7,1,1,4,4.0,3,0.0,3,4,2,19,10,3
3403,14,220,139,22,1970-01-01 00:00:00.000000374,47,22,34,171,37,15,7,1,1,4,4.0,3,0.0,3,4,2,19,10,3
3400,14,220,143,22,1970-01-01 00:00:00.000000374,47,22,34,176,37,15,7,1,1,4,4.0,3,0.0,3,4,2,19,10,3
3412,25,236,175,14,1970-01-01 00:00:00.000000373,80,59,20,216,24,4,20,2,0,1,1.0,2,5.0,3,4,1,52,10,0
3398,4,30,168,33,1970-01-01 00:00:00.000000372,7,0,43,209,53,3,7,0,1,5,5.0,3,0.0,3,4,2,19,10,3
3397,14,60,121,33,1970-01-01 00:00:00.000000373,7,84,80,147,53,3,7,0,1,3,3.0,3,0.0,3,4,2,19,10,3
3396,23,220,273,40,1970-01-01 00:00:00.000000369,47,22,81,333,70,16,20,2,1,2,3.0,3,0.0,3,4,2,19,10,3
3394,14,233,99,40,1970-01-01 00:00:00.000000373,80,59,95,122,70,17,7,0,1,3,3.0,3,0.0,3,4,2,19,10,3
3388,14,39,190,5,1970-01-01 00:00:00.000000370,45,81,45,237,6,3,7,1,1,4,4.0,3,0.0,3,4,2,19,10,3
3391,9,317,43,33,1970-01-01 00:00:00.000000324,7,0,43,63,53,3,7,0,1,3,3.0,3,0.0,3,4,2,19,10,3
3385,11,113,41,2,1970-01-01 00:00:00.000000368,7,0,6,61,2,10,9,1,1,6,6.0,3,0.0,3,4,2,19,10,3
3384,14,104,212,33,1970-01-01 00:00:00.000000367,51,85,111,267,56,3,7,0,1,3,3.0,3,0.0,3,4,2,19,10,3
3378,25,220,98,40,1970-01-01 00:00:00.000000368,80,59,95,121,70,3,20,2,0,1,1.0,3,0.0,3,4,2,19,10,3
3375,14,246,255,33,1970-01-01 00:00:00.000000366,83,64,62,314,56,3,7,0,1,3,3.0,3,0.0,3,4,2,19,10,3
3377,8,11,75,52,1970-01-01 00:00:00.000000365,7,0,81,98,100,16,7,1,1,4,4.0,3,0.0,3,4,2,19,10,3
3372,15,265,166,33,1970-01-01 00:00:00.000000361,7,0,43,207,53,3,7,1,1,4,4.0,3,0.0,3,4,2,19,10,3
3368,19,181,51,52,1970-01-01 00:00:00.000000361,61,0,81,73,100,16,3,2,1,4,4.0,3,0.0,3,4,2,19,10,3
3362,4,263,221,33,1970-01-01 00:00:00.000000252,7,0,43,277,53,3,9,0,1,5,5.0,3,0.0,3,4,2,19,10,3
3361,14,267,284,33,1970-01-01 00:00:00.000000364,80,59,95,346,53,3,7,0,1,3,3.0,3,0.0,3,4,2,19,10,3
3349,15,116,49,33,1970-01-01 00:00:00.000000351,7,0,43,71,53,3,7,0,1,3,3.0,3,0.0,3,4,2,19,10,3
3346,25,237,147,33,1970-01-01 00:00:00.000000363,80,59,57,186,53,24,20,2,0,1,1.0,3,0.0,3,4,2,19,10,3
3345,8,268,129,34,1970-01-01 00:00:00.000000360,11,2,46,156,59,3,7,0,1,3,3.0,3,0.0,3,4,2,19,10,3
3324,14,307,193,58,1970-01-01 00:00:00.000000362,17,7,122,244,112,16,7,1,1,4,4.0,0,7.0,3,0,1,2,20,3
3314,20,144,225,33,1970-01-01 00:00:00.000000359,61,0,43,281,53,3,6,2,1,4,4.0,0,8.0,5,4,2,19,10,3
3300,20,138,190,33,1970-01-01 00:00:00.000000351,7,0,43,235,53,3,6,2,1,4,4.0,0,7.0,1,4,3,52,10,3
3298,14,229,190,33,1970-01-01 00:00:00.000000358,80,59,39,235,53,3,7,0,1,3,3.0,0,6.0,3,2,3,37,9,3
3292,25,76,150,33,1970-01-01 00:00:00.000000414,7,0,43,189,53,3,20,2,0,1,1.0,2,5.0,3,4,2,26,23,3
3288,19,220,227,40,1970-01-01 00:00:00.000000356,88,60,108,290,72,16,3,2,1,4,4.0,3,0.0,3,4,2,19,10,3
3283,25,235,290,5,1970-01-01 00:00:00.000000355,80,59,95,353,5,24,23,2,0,1,1.0,3,0.0,3,4,2,19,10,3
3276,14,244,92,5,1970-01-01 00:00:00.000000354,80,59,95,115,5,24,7,0,1,3,3.0,0,10.0,3,2,1,17,10,0
3273,14,187,123,33,1970-01-01 00:00:00.000000358,61,0,43,149,53,3,7,0,1,3,3.0,0,6.0,3,2,2,26,23,3
3264,8,7,201,33,1970-01-01 00:00:00.000000353,7,0,43,253,53,3,7,0,1,3,3.0,0,8.0,3,3,3,37,9,3
3260,15,309,21,33,1970-01-01 00:00:00.000000295,7,0,43,34,53,3,7,1,1,4,4.0,3,0.0,3,4,2,38,15,3
3243,23,252,22,17,1970-01-01 00:00:00.000000375,35,28,119,36,28,9,20,2,1,2,2.0,2,5.0,3,4,1,52,10,0
3237,14,220,190,22,1970-01-01 00:00:00.000000352,47,22,34,235,37,15,7,0,1,3,3.0,3,0.0,3,4,2,19,10,3
3242,17,303,166,33,1970-01-01 00:00:00.000000324,7,0,43,207,53,3,7,0,2,1,1.0,3,0.0,3,4,2,19,10,3
3219,14,233,276,14,1970-01-01 00:00:00.000000350,80,59,95,337,24,24,7,0,1,3,3.0,3,0.0,3,4,2,19,10,3
3212,14,183,150,40,1970-01-01 00:00:00.000000343,7,0,57,189,70,3,7,0,1,3,3.0,0,6.0,3,2,2,19,10,0
3200,18,42,187,33,1970-01-01 00:00:00.000000349,61,0,43,231,53,17,18,2,2,1,1.0,0,6.0,0,4,2,1,0,3
3190,23,29,158,51,1970-01-01 00:00:00.000000347,61,0,43,197,99,5,0,2,1,2,2.0,2,5.0,3,4,2,19,10,1
3189,14,220,190,33,1970-01-01 00:00:00.000000345,47,22,10,235,53,24,7,0,1,3,3.0,3,0.0,3,4,2,19,10,3
3185,23,100,190,33,1970-01-01 00:00:00.000000414,46,83,43,235,53,3,20,2,1,2,2.0,3,0.0,3,4,2,19,10,3
3186,20,220,35,43,1970-01-01 00:00:00.000000348,34,53,117,55,78,3,6,2,1,4,4.0,2,5.0,3,4,2,19,10,3
3187,20,220,151,43,1970-01-01 00:00:00.000000348,34,26,117,190,78,3,6,2,1,4,4.0,2,5.0,3,4,2,26,10,3
3175,14,242,259,40,1970-01-01 00:00:00.000000346,80,59,95,318,70,17,7,0,1,3,3.0,3,0.0,3,4,2,19,10,3
3165,19,220,190,14,1970-01-01 00:00:00.000000344,95,68,117,238,27,3,3,2,1,4,4.0,3,0.0,3,4,2,19,10,3
3145,25,305,190,33,1970-01-01 00:00:00.000000414,46,83,43,235,53,3,20,2,0,1,1.0,2,5.0,3,4,3,52,10,3
3138,15,131,43,33,1970-01-01 00:00:00.000000324,7,0,43,63,53,3,7,0,1,3,3.0,0,6.0,3,2,2,37,9,3
3134,18,156,270,33,1970-01-01 00:00:00.000000341,7,0,43,330,53,3,18,2,2,1,1.0,0,6.0,0,4,2,19,10,3
3131,18,201,189,44,1970-01-01 00:00:00.000000342,13,27,74,4,83,3,18,2,2,1,1.0,0,6.0,0,4,2,19,10,0
3129,15,280,21,40,1970-01-01 00:00:00.000000339,7,84,24,34,70,3,7,1,1,4,4.0,0,9.0,1,0,2,26,23,0
3128,20,64,269,33,1970-01-01 00:00:00.000000414,61,0,43,329,53,3,20,2,1,4,4.0,0,8.0,5,4,2,34,11,3
3126,14,101,287,57,1970-01-01 00:00:00.000000340,7,84,73,349,111,3,7,0,1,3,3.0,0,6.0,3,2,2,27,12,3
3125,9,196,205,33,1970-01-01 00:00:00.000000335,7,0,43,258,53,3,7,0,1,3,3.0,0,8.0,3,3,2,26,10,3
3108,11,350,190,33,1970-01-01 00:00:00.000000414,46,83,43,235,53,3,7,0,1,5,5.0,3,0.0,3,4,2,19,10,3
3112,19,86,190,33,1970-01-01 00:00:00.000000414,46,83,43,235,53,3,20,2,1,4,4.0,3,0.0,3,4,2,19,10,3
3115,9,230,166,33,1970-01-01 00:00:00.000000335,7,0,43,207,53,3,7,0,1,3,3.0,3,0.0,3,4,2,19,10,3
3103,18,62,186,40,1970-01-01 00:00:00.000000337,7,0,57,230,70,3,18,2,2,2,2.0,3,0.0,3,4,2,19,10,3
3104,4,81,166,33,1970-01-01 00:00:00.000000337,61,0,43,207,53,3,9,0,1,5,5.0,3,0.0,3,4,2,19,10,3
3094,25,65,190,33,1970-01-01 00:00:00.000000336,80,84,95,235,53,3,20,2,0,1,1.0,3,0.0,3,4,2,19,10,3
3076,9,306,43,33,1970-01-01 00:00:00.000000414,61,0,43,63,53,3,7,0,1,3,3.0,0,8.0,3,3,2,26,10,3
3070,19,277,39,33,1970-01-01 00:00:00.000000334,47,48,81,59,53,16,3,2,1,4,4.0,0,10.0,5,0,2,22,25,3
3056,12,90,150,33,1970-01-01 00:00:00.000000334,7,0,43,189,53,3,20,0,1,4,4.0,0,7.0,1,4,3,52,10,3
3055,14,124,68,40,1970-01-01 00:00:00.000000330,47,83,43,89,70,3,7,0,1,3,3.0,0,6.0,3,2,1,11,2,0
3051,19,5,126,52,1970-01-01 00:00:00.000000332,9,13,82,153,103,16,22,2,1,4,6.0,0,7.0,1,4,2,32,1,0
3037,20,340,21,33,1970-01-01 00:00:00.000000331,27,89,19,35,56,3,6,2,1,4,4.0,0,10.0,2,4,2,27,12,3
3040,18,119,190,33,1970-01-01 00:00:00.000000414,46,83,43,235,53,3,19,2,2,1,1.0,0,6.0,0,4,3,52,10,3
3033,14,236,60,14,1970-01-01 00:00:00.000000329,80,59,95,82,24,5,7,0,1,3,3.0,0,6.0,3,2,1,11,32,0
3030,14,233,283,33,1970-01-01 00:00:00.000000328,95,68,117,345,55,24,7,0,1,3,3.0,2,5.0,3,4,1,15,10,3
3027,12,102,150,33,1970-01-01 00:00:00.000000324,61,0,43,189,53,3,9,0,1,5,5.0,0,8.0,1,2,2,19,10,3
3026,18,281,186,40,1970-01-01 00:00:00.000000329,7,0,79,230,70,17,18,2,2,1,1.0,0,6.0,0,4,2,19,10,0
3013,15,352,166,33,1970-01-01 00:00:00.000000327,61,0,43,207,53,3,7,0,1,3,3.0,3,0.0,3,4,2,19,10,3
3002,20,226,44,33,1970-01-01 00:00:00.000000325,7,0,43,64,53,3,6,2,1,4,4.0,3,0.0,3,4,2,19,10,3
2997,8,97,48,33,1970-01-01 00:00:00.000000322,7,0,43,69,53,3,7,1,1,4,4.0,0,9.0,3,1,2,19,10,3
2978,12,73,57,33,1970-01-01 00:00:00.000000323,7,0,43,79,53,3,9,0,1,5,5.0,3,0.0,3,4,2,19,10,3
2976,19,261,238,33,1970-01-01 00:00:00.000000131,7,0,43,297,53,3,12,2,1,3,5.0,3,0.0,3,4,2,19,10,3
2944,15,132,190,33,1970-01-01 00:00:00.000000321,7,0,43,235,53,3,7,0,1,3,3.0,0,6.0,3,2,3,38,15,3
2938,25,233,175,14,1970-01-01 00:00:00.000000320,80,59,95,216,24,24,20,2,0,1,1.0,2,5.0,3,4,1,46,10,0
2936,19,220,113,19,1970-01-01 00:00:00.000000319,8,19,29,138,33,9,20,2,1,4,6.0,0,7.0,1,4,2,19,10,3
2928,25,220,192,14,1970-01-01 00:00:00.000000318,80,59,70,243,24,9,20,2,0,1,1.0,2,5.0,3,4,1,37,22,0
2901,18,176,190,33,1970-01-01 00:00:00.000000414,46,83,43,235,53,16,18,2,2,1,1.0,0,6.0,0,4,3,3,19,3
2900,25,212,293,5,1970-01-01 00:00:00.000000317,12,79,120,356,9,9,20,2,0,1,1.0,2,5.0,3,4,1,52,10,0
2894,15,229,24,22,1970-01-01 00:00:00.000000312,52,26,37,39,39,15,7,1,1,4,4.0,0,7.0,3,0,0,15,42,0
2892,14,233,24,22,1970-01-01 00:00:00.000000315,80,59,95,38,37,24,7,0,1,3,3.0,0,6.0,3,2,0,52,10,0
2882,14,220,139,22,1970-01-01 00:00:00.000000309,80,59,34,171,37,15,7,0,1,3,3.0,0,6.0,3,2,1,37,22,0
2881,20,112,196,33,1970-01-01 00:00:00.000000313,61,0,43,247,53,3,20,2,1,4,4.0,0,7.0,1,4,2,19,10,3
2878,19,197,183,39,1970-01-01 00:00:00.000000311,80,48,55,227,69,3,23,2,1,4,6.0,0,9.0,2,4,2,18,10,1
2879,19,229,227,40,1970-01-01 00:00:00.000000314,80,59,95,283,70,16,3,2,1,4,6.0,0,7.0,1,4,1,24,25,0
2871,9,118,48,33,1970-01-01 00:00:00.000000309,7,0,43,69,53,3,7,1,1,4,4.0,0,9.0,3,1,2,26,10,3
2868,15,103,288,34,1970-01-01 00:00:00.000000310,16,91,118,351,62,3,7,1,1,4,4.0,0,7.0,3,0,2,37,22,3
2860,8,357,191,18,1970-01-01 00:00:00.000000300,18,8,27,239,31,12,7,1,1,4,4.0,0,7.0,3,0,2,29,27,0
2858,20,258,190,33,1970-01-01 00:00:00.000000414,46,83,43,235,53,3,6,2,1,4,4.0,0,7.0,1,4,3,52,10,3
2844,19,52,150,40,1970-01-01 00:00:00.000000326,7,0,43,189,70,3,20,2,1,4,4.0,0,7.0,1,4,3,37,22,3
2843,11,215,80,33,1970-01-01 00:00:00.000000308,7,0,43,103,53,3,7,0,1,5,5.0,0,8.0,1,2,2,27,24,3
2842,14,189,62,5,1970-01-01 00:00:00.000000307,6,77,39,83,5,24,7,1,1,4,4.0,0,7.0,3,0,2,6,30,0
2836,25,185,124,14,1970-01-01 00:00:00.000000338,41,24,106,150,26,24,20,2,0,1,1.0,2,5.0,3,4,2,19,10,0
2828,14,83,190,33,1970-01-01 00:00:00.000000414,46,83,43,235,53,3,7,1,1,4,4.0,0,7.0,3,0,2,26,23,3
2827,15,346,167,33,1970-01-01 00:00:00.000000306,43,0,43,208,53,3,7,0,1,3,3.0,0,6.0,3,2,2,26,23,3
2826,19,48,190,33,1970-01-01 00:00:00.000000414,46,83,43,235,53,3,20,2,1,4,4.0,0,7.0,1,4,3,52,10,3
2830,20,17,190,33,1970-01-01 00:00:00.000000414,46,83,43,235,53,3,20,2,1,4,4.0,0,7.0,1,4,3,30,26,3
2833,14,351,190,33,1970-01-01 00:00:00.000000414,46,83,43,235,53,3,7,0,1,3,3.0,0,6.0,3,2,3,37,9,3
2834,25,127,190,33,1970-01-01 00:00:00.000000414,46,83,43,235,53,3,20,2,0,1,1.0,2,5.0,3,4,3,52,10,3
2831,23,153,190,33,1970-01-01 00:00:00.000000414,46,83,43,235,53,3,20,2,1,2,2.0,0,7.0,3,4,3,52,10,3
2835,18,109,186,40,1970-01-01 00:00:00.000000304,43,0,43,230,70,16,18,2,2,1,1.0,0,6.0,0,4,2,1,0,3
2823,20,61,190,33,1970-01-01 00:00:00.000000306,7,0,43,235,53,3,6,2,1,4,4.0,0,9.0,5,4,3,52,10,3
2818,25,220,24,22,1970-01-01 00:00:00.000000305,80,59,34,38,37,24,20,2,0,1,1.0,2,4.0,3,4,0,52,10,3
2813,8,134,236,33,1970-01-01 00:00:00.000000305,61,0,43,295,53,3,7,0,1,3,3.0,0,8.0,3,3,2,26,10,3
2803,9,356,123,33,1970-01-01 00:00:00.000000303,7,0,43,149,53,3,7,0,1,3,3.0,0,8.0,3,3,2,26,10,3
2806,9,332,166,33,1970-01-01 00:00:00.000000304,61,0,43,207,53,3,7,0,1,3,3.0,0,8.0,3,3,2,26,10,0
2780,15,166,48,33,1970-01-01 00:00:00.000000282,7,0,43,69,53,3,7,1,1,4,4.0,0,7.0,3,0,2,27,12,3
2776,19,220,227,40,1970-01-01 00:00:00.000000302,80,59,95,283,70,16,20,2,1,6,9.0,0,9.0,1,0,0,23,3,0
2775,18,66,30,40,1970-01-01 00:00:00.000000302,7,0,43,46,70,17,18,2,2,1,1.0,0,6.0,0,4,2,19,10,0
2774,12,154,150,40,1970-01-01 00:00:00.000000214,7,0,43,189,70,3,9,0,1,5,5.0,0,8.0,1,2,2,19,10,0
2773,20,135,150,40,1970-01-01 00:00:00.000000347,47,48,95,189,70,3,7,2,1,4,4.0,0,7.0,1,4,3,52,10,3
2769,4,91,80,33,1970-01-01 00:00:00.000000299,7,0,43,103,53,3,9,1,1,6,6.0,1,12.0,5,1,3,38,15,3
2771,11,192,76,53,1970-01-01 00:00:00.000000297,13,4,47,99,102,16,7,0,1,5,5.0,0,8.0,1,2,2,19,10,3
2765,3,145,48,33,1970-01-01 00:00:00.000000301,7,0,43,69,53,3,9,0,1,5,5.0,0,10.0,1,3,2,19,10,3
2764,19,276,263,33,1970-01-01 00:00:00.000000284,7,0,43,323,53,6,12,2,1,4,4.0,0,7.0,1,4,2,33,14,3
2757,9,302,213,33,1970-01-01 00:00:00.000000279,11,15,46,268,59,3,7,0,1,3,3.0,0,8.0,3,3,2,26,10,3
2753,14,237,233,14,1970-01-01 00:00:00.000000298,80,59,28,292,24,24,7,0,1,3,3.0,0,6.0,3,2,1,15,29,0
2752,18,163,289,40,1970-01-01 00:00:00.000000296,7,0,43,352,70,17,18,2,2,1,1.0,0,6.0,0,4,2,1,0,3
2749,20,318,21,33,1970-01-01 00:00:00.000000414,7,22,21,34,53,3,6,2,1,4,4.0,0,8.0,5,4,2,19,10,3
2740,18,152,126,52,1970-01-01 00:00:00.000000295,61,0,81,152,100,16,18,2,2,1,2.0,0,6.0,0,4,2,33,14,3
2747,19,74,190,33,1970-01-01 00:00:00.000000414,46,83,43,235,53,3,20,2,1,4,4.0,0,7.0,1,4,3,50,10,3
2743,25,220,143,22,1970-01-01 00:00:00.000000295,80,59,57,176,37,24,20,2,0,1,1.0,2,5.0,3,4,0,52,10,0
2744,15,220,234,33,1970-01-01 00:00:00.000000293,80,59,95,293,53,3,7,1,1,4,4.0,0,7.0,3,0,2,26,10,3
2745,12,220,234,33,1970-01-01 00:00:00.000000293,80,59,95,293,53,3,9,0,1,5,5.0,0,8.0,1,2,2,26,10,3
2737,14,59,300,21,1970-01-01 00:00:00.000000293,80,59,95,364,35,24,7,0,1,3,3.0,0,6.0,3,2,2,19,10,3
2733,18,220,125,33,1970-01-01 00:00:00.000000290,7,0,43,151,53,6,18,2,2,1,1.0,0,8.0,0,4,2,33,14,3
2732,18,312,186,40,1970-01-01 00:00:00.000000292,9,17,50,233,72,17,18,2,2,1,1.0,0,6.0,0,4,2,1,0,0
2725,14,12,235,55,1970-01-01 00:00:00.000000291,3,5,85,294,107,16,7,0,1,3,3.0,0,6.0,3,2,0,23,17,0
2713,25,229,143,22,1970-01-01 00:00:00.000000289,80,59,57,176,37,24,20,2,0,1,1.0,2,5.0,3,4,0,52,10,3
2708,19,220,227,40,1970-01-01 00:00:00.000000287,80,22,81,283,70,16,3,2,1,4,4.0,0,10.0,2,4,1,35,16,3
2691,25,234,190,33,1970-01-01 00:00:00.000000286,80,59,28,235,53,24,20,2,0,1,1.0,2,5.0,3,4,3,52,10,3
2683,18,262,127,13,1970-01-01 00:00:00.000000277,9,1,25,154,23,24,18,2,2,1,1.0,0,6.0,0,4,2,19,10,0
2688,25,234,116,33,1970-01-01 00:00:00.000000285,80,59,95,142,53,24,20,2,0,1,1.0,2,5.0,3,4,2,15,10,1
2679,18,326,252,33,1970-01-01 00:00:00.000000281,43,77,43,311,53,6,18,2,2,2,2.0,0,7.0,1,4,2,26,10,3
2674,25,233,287,5,1970-01-01 00:00:00.000000283,80,59,39,349,5,24,20,2,0,1,1.0,2,5.0,3,4,1,15,29,0
2661,25,220,143,22,1970-01-01 00:00:00.000000280,80,59,70,176,37,24,20,2,0,1,1.0,2,5.0,3,4,1,15,29,0
2659,18,23,166,33,1970-01-01 00:00:00.000000280,7,84,42,207,53,3,18,2,2,1,1.0,0,6.0,0,4,2,19,10,3
2658,25,229,95,5,1970-01-01 00:00:00.000000278,80,59,95,118,5,24,20,2,0,1,1.0,2,5.0,3,4,1,52,10,0
2657,12,146,81,33,1970-01-01 00:00:00.000000265,61,0,43,104,53,3,9,0,1,5,5.0,0,9.0,5,2,2,19,10,3
2656,25,229,52,5,1970-01-01 00:00:00.000000276,98,30,103,74,11,24,20,2,0,1,1.0,2,4.0,3,4,1,15,10,3
2653,25,233,260,5,1970-01-01 00:00:00.000000274,80,59,95,319,5,24,20,2,0,1,1.0,2,5.0,3,4,1,11,32,0
2650,18,283,190,40,1970-01-01 00:00:00.000000275,7,22,18,235,70,17,18,2,2,1,1.0,0,6.0,0,4,2,19,10,3
2639,15,24,173,33,1970-01-01 00:00:00.000000275,7,0,43,214,53,3,7,0,1,3,3.0,0,6.0,3,2,2,26,23,3
2636,25,233,226,5,1970-01-01 00:00:00.000000316,100,72,101,282,15,24,20,2,0,1,1.0,2,5.0,3,4,2,45,0,3
2632,18,178,186,33,1970-01-01 00:00:00.000000272,7,0,43,230,53,17,18,2,2,1,1.0,0,6.0,0,4,2,1,0,3
2629,14,240,281,5,1970-01-01 00:00:00.000000274,7,59,95,343,5,24,7,0,1,3,3.0,0,7.0,3,2,2,6,30,0
2626,14,241,190,0,1970-01-01 00:00:00.000000273,80,59,95,235,0,3,7,1,1,4,4.0,0,7.0,3,0,3,52,10,3
2623,14,229,190,33,1970-01-01 00:00:00.000000271,80,59,95,235,53,3,7,1,1,4,4.0,0,7.0,3,0,2,19,10,3
2624,15,233,234,33,1970-01-01 00:00:00.000000271,80,59,95,293,53,3,7,1,1,4,4.0,0,7.0,3,0,2,26,10,3
2621,8,222,282,33,1970-01-01 00:00:00.000000265,7,0,43,344,53,3,7,0,1,3,3.0,0,8.0,3,3,2,26,10,3
2620,12,275,211,33,1970-01-01 00:00:00.000000271,7,22,12,264,53,3,9,0,1,5,5.0,0,9.0,1,2,2,31,18,3
2619,14,220,12,14,1970-01-01 00:00:00.000000271,80,59,95,23,24,24,7,0,1,3,3.0,0,6.0,3,2,1,15,29,0
2616,18,141,186,40,1970-01-01 00:00:00.000000270,10,24,9,234,75,17,18,2,2,1,1.0,0,6.0,0,4,2,19,10,3
2613,19,23,190,33,1970-01-01 00:00:00.000000271,7,84,4,235,53,3,20,2,1,4,4.0,0,7.0,1,4,3,52,10,3
2606,14,220,220,33,1970-01-01 00:00:00.000000269,80,59,95,276,53,24,7,0,1,3,3.0,0,6.0,3,2,2,6,30,0
2601,25,233,60,14,1970-01-01 00:00:00.000000268,80,59,70,82,24,9,20,2,0,1,1.0,0,6.0,3,4,1,37,9,0
2585,25,220,24,22,1970-01-01 00:00:00.000000265,80,59,95,38,37,24,20,2,0,1,1.0,2,5.0,3,4,1,11,35,0
2584,25,220,223,22,1970-01-01 00:00:00.000000265,80,59,95,279,37,24,20,2,0,1,1.0,2,5.0,3,4,1,11,35,0
2591,25,236,24,22,1970-01-01 00:00:00.000000265,80,59,95,38,37,3,20,2,0,1,1.0,2,5.0,3,4,1,15,29,0
2590,25,229,224,23,1970-01-01 00:00:00.000000266,89,64,111,280,38,24,20,2,0,1,1.0,2,5.0,3,4,1,15,29,0
2579,14,241,294,33,1970-01-01 00:00:00.000000253,80,59,69,358,53,3,1,0,1,3,3.0,0,10.0,3,2,2,19,10,3
2573,25,229,143,22,1970-01-01 00:00:00.000000249,7,59,95,176,37,3,20,2,0,1,1.0,2,5.0,3,4,1,52,10,0
2576,18,355,30,48,1970-01-01 00:00:00.000000263,9,14,75,47,96,24,18,2,2,1,1.0,0,6.0,0,4,2,26,10,3
2578,8,88,120,33,1970-01-01 00:00:00.000000259,7,0,43,146,53,3,7,0,1,3,3.0,0,8.0,3,3,2,26,10,3
2567,18,114,182,33,1970-01-01 00:00:00.000000261,7,0,43,226,53,17,18,2,2,1,1.0,0,6.0,0,4,2,51,10,1
2565,24,220,150,40,1970-01-01 00:00:00.000000262,80,59,95,189,70,3,20,2,1,2,2.0,2,5.0,3,4,2,19,10,3
2564,24,220,21,33,1970-01-01 00:00:00.000000262,80,59,95,34,53,3,20,2,1,2,2.0,2,5.0,3,4,2,19,10,3
2557,9,70,150,40,1970-01-01 00:00:00.000000264,7,0,43,189,70,3,7,0,1,3,3.0,0,8.0,3,3,2,19,10,3
2548,18,8,186,40,1970-01-01 00:00:00.000000264,7,0,57,230,70,17,18,2,2,1,1.0,2,5.0,0,4,2,51,10,1
2539,25,234,143,22,1970-01-01 00:00:00.000000260,80,59,95,176,37,24,20,2,0,1,1.0,2,5.0,3,4,1,52,10,0
2535,20,245,66,33,1970-01-01 00:00:00.000000258,80,59,70,87,53,3,5,2,1,4,4.0,1,11.0,1,0,2,26,10,3
2527,20,301,221,33,1970-01-01 00:00:00.000000267,7,0,43,277,53,3,6,2,1,4,4.0,0,8.0,5,4,2,26,10,3
2523,18,173,186,40,1970-01-01 00:00:00.000000247,7,0,57,230,70,17,18,2,2,1,1.0,0,6.0,0,4,2,19,10,0
2518,9,180,222,33,1970-01-01 00:00:00.000000209,7,0,43,278,53,3,7,1,1,4,4.0,0,9.0,3,1,2,37,9,3
2513,12,243,196,33,1970-01-01 00:00:00.000000257,7,59,95,247,53,3,9,0,1,5,5.0,0,9.0,1,2,2,19,10,3
2515,25,229,234,33,1970-01-01 00:00:00.000000257,80,59,95,293,53,3,21,2,0,1,1.0,2,4.0,3,4,2,19,10,3
2511,15,229,70,40,1970-01-01 00:00:00.000000257,80,59,95,91,70,3,7,0,1,3,3.0,2,5.0,3,4,2,19,10,3
2506,12,158,166,33,1970-01-01 00:00:00.000000248,61,0,43,207,53,3,11,0,1,3,3.0,0,9.0,5,2,2,26,10,3
2504,23,234,190,33,1970-01-01 00:00:00.000000414,46,83,43,235,53,3,12,2,1,2,2.0,0,9.0,3,4,3,37,37,3
2498,15,38,21,33,1970-01-01 00:00:00.000000256,61,84,43,34,53,3,7,0,1,3,3.0,0,6.0,3,2,2,19,10,3
2496,25,220,97,33,1970-01-01 00:00:00.000000256,80,59,57,120,53,24,20,2,0,1,1.0,2,5.0,3,4,2,19,10,3
2493,23,14,143,22,1970-01-01 00:00:00.000000258,47,48,95,176,37,3,20,2,1,2,2.0,0,7.0,3,4,1,37,22,0
2484,25,243,219,5,1970-01-01 00:00:00.000000255,80,59,95,275,5,24,20,2,0,1,1.0,0,7.0,3,4,1,15,29,0
2487,18,274,186,40,1970-01-01 00:00:00.000000222,7,0,57,230,70,17,18,2,2,1,1.0,0,6.0,0,4,2,47,0,3
2489,18,115,186,40,1970-01-01 00:00:00.000000227,7,0,57,230,70,17,18,2,2,1,1.0,0,6.0,0,4,2,47,0,3
2480,3,165,208,33,1970-01-01 00:00:00.000000265,7,0,43,261,53,3,20,1,1,6,6.0,1,11.0,1,1,3,37,9,3
2478,25,188,14,22,1970-01-01 00:00:00.000000254,80,59,95,26,37,24,20,2,0,1,1.0,2,5.0,3,4,1,4,28,3
2474,12,342,221,33,1970-01-01 00:00:00.000000239,7,0,43,277,53,3,9,0,1,5,5.0,1,11.0,1,3,2,26,23,3
2469,18,140,186,40,1970-01-01 00:00:00.000000252,7,0,43,230,70,17,18,2,2,1,1.0,0,6.0,0,4,2,19,10,3
2471,18,27,186,40,1970-01-01 00:00:00.000000251,7,0,43,230,70,17,18,2,2,1,1.0,0,6.0,0,4,2,19,10,0
2460,18,28,73,14,1970-01-01 00:00:00.000000250,7,0,26,96,24,9,18,2,2,1,1.0,0,6.0,0,4,2,19,10,0
2459,19,67,143,22,1970-01-01 00:00:00.000000258,47,48,95,176,37,24,12,2,1,6,6.0,0,9.0,1,4,1,37,22,0
2448,14,320,190,33,1970-01-01 00:00:00.000000414,46,83,43,235,53,3,7,1,1,4,4.0,0,7.0,3,0,3,37,9,2
2445,14,241,243,5,1970-01-01 00:00:00.000000244,80,59,57,302,5,24,7,0,1,3,3.0,0,7.0,3,2,2,6,30,0
2441,14,229,271,40,1970-01-01 00:00:00.000000245,48,44,86,331,72,16,7,0,1,3,3.0,0,6.0,3,2,1,3,19,0
2433,14,229,216,33,1970-01-01 00:00:00.000000243,80,59,57,272,53,3,7,0,1,3,3.0,0,6.0,3,2,2,19,10,3
2434,25,148,143,22,1970-01-01 00:00:00.000000246,26,76,119,182,44,24,20,2,0,1,1.0,2,5.0,3,4,1,52,10,3
2425,15,184,237,33,1970-01-01 00:00:00.000000219,7,0,43,296,53,3,7,1,1,4,4.0,0,7.0,3,0,2,25,9,3
2423,9,129,190,33,1970-01-01 00:00:00.000000414,46,83,43,235,53,3,7,0,1,3,3.0,0,8.0,3,3,2,26,10,3
2422,4,32,48,33,1970-01-01 00:00:00.000000235,7,0,43,69,53,3,9,0,1,5,5.0,0,10.0,1,3,2,26,10,2
2416,25,229,60,14,1970-01-01 00:00:00.000000242,80,59,95,82,24,9,20,2,0,1,1.0,2,5.0,3,4,1,52,10,0
2413,20,190,153,33,1970-01-01 00:00:00.000000240,61,0,43,192,53,3,6,2,1,4,4.0,0,7.0,1,4,2,48,7,3
2415,18,291,126,52,1970-01-01 00:00:00.000000129,7,0,81,152,100,16,18,2,2,1,1.0,0,6.0,0,4,1,52,10,0
2414,9,19,190,33,1970-01-01 00:00:00.000000241,7,0,43,235,53,3,7,1,1,4,4.0,0,9.0,3,1,3,37,9,3
2409,12,164,166,33,1970-01-01 00:00:00.000000236,7,0,43,207,53,3,9,0,1,5,5.0,0,7.0,1,2,2,26,23,3
2400,15,150,152,44,1970-01-01 00:00:00.000000238,20,9,49,191,85,3,7,0,1,3,3.0,0,6.0,3,2,2,19,10,0
2398,3,232,190,33,1970-01-01 00:00:00.000000237,67,15,46,238,59,16,8,1,1,6,6.0,1,11.0,1,1,2,51,10,1
2391,14,35,190,33,1970-01-01 00:00:00.000000233,7,84,31,235,53,3,7,1,1,4,4.0,0,7.0,3,0,3,37,9,3
2389,15,314,221,33,1970-01-01 00:00:00.000000235,7,0,95,277,53,3,7,0,1,3,3.0,0,6.0,3,2,2,37,9,3
2376,25,229,58,5,1970-01-01 00:00:00.000000234,80,59,28,80,5,24,20,2,0,1,1.0,2,5.0,3,4,1,51,10,1
2371,15,299,2,33,1970-01-01 00:00:00.000000210,80,59,87,2,53,3,7,0,1,3,3.0,0,6.0,3,2,3,52,10,3
2372,9,322,2,33,1970-01-01 00:00:00.000000210,80,59,87,2,53,3,7,0,1,3,3.0,0,8.0,3,3,3,37,22,3
2361,20,220,267,33,1970-01-01 00:00:00.000000232,80,22,95,327,53,3,6,2,1,4,4.0,0,7.0,1,4,2,26,10,3
2356,23,297,26,33,1970-01-01 00:00:00.000000062,43,59,57,42,53,17,12,2,1,2,2.0,2,5.0,3,4,2,37,10,3
2355,18,171,30,40,1970-01-01 00:00:00.000000221,11,2,64,48,78,17,18,2,2,1,1.0,0,6.0,0,4,2,19,10,0
2354,14,220,107,40,1970-01-01 00:00:00.000000231,80,59,95,131,70,16,7,1,1,4,4.0,0,7.0,3,0,1,8,34,0
2353,14,247,280,5,1970-01-01 00:00:00.000000231,80,59,95,342,5,0,7,0,1,3,3.0,0,9.0,3,2,2,15,29,3
2349,18,110,186,40,1970-01-01 00:00:00.000000230,7,0,57,230,70,17,18,2,2,1,1.0,0,6.0,0,4,2,19,10,3
2347,12,79,21,40,1970-01-01 00:00:00.000000229,9,87,72,35,72,3,9,0,1,5,5.0,0,8.0,1,2,3,37,9,3
2344,18,248,186,40,1970-01-01 00:00:00.000000228,7,0,57,230,70,16,18,2,2,1,1.0,0,6.0,0,4,2,19,10,0
2342,25,220,11,63,1970-01-01 00:00:00.000000225,80,59,95,21,122,3,20,2,0,1,1.0,2,5.0,3,4,1,20,21,0
2343,25,220,11,63,1970-01-01 00:00:00.000000226,89,64,111,22,123,3,20,2,0,1,1.0,2,5.0,3,4,1,20,21,0
2341,4,69,80,33,1970-01-01 00:00:00.000000225,7,0,43,103,53,3,9,0,1,5,5.0,1,11.0,5,3,2,26,10,3
2340,19,147,72,33,1970-01-01 00:00:00.000000224,7,0,43,94,53,16,3,2,1,4,6.0,1,11.0,5,0,2,43,4,3
2338,25,220,250,33,1970-01-01 00:00:00.000000224,80,59,95,309,53,3,20,2,1,2,2.0,2,3.0,3,4,2,19,10,3
2336,23,21,143,22,1970-01-01 00:00:00.000000223,87,63,94,177,38,3,20,2,1,2,2.0,0,7.0,3,4,1,37,22,0
2328,25,220,190,33,1970-01-01 00:00:00.000000222,80,59,95,235,53,3,20,2,0,1,1.0,2,5.0,3,4,3,52,10,3
2323,15,175,211,33,1970-01-01 00:00:00.000000217,7,0,43,264,53,3,7,0,1,3,3.0,0,6.0,3,2,2,27,12,3
2322,25,231,190,5,1970-01-01 00:00:00.000000218,80,59,39,235,5,14,20,2,0,1,1.0,2,5.0,3,4,2,6,30,3
2324,18,296,30,40,1970-01-01 00:00:00.000000089,7,0,57,46,70,17,18,2,2,1,1.0,0,6.0,0,4,2,1,0,3
2318,15,211,190,33,1970-01-01 00:00:00.000000220,31,18,51,3,58,3,7,0,1,3,3.0,0,9.0,3,2,2,26,10,3
2321,19,292,190,33,1970-01-01 00:00:00.000000414,46,83,43,235,53,3,20,2,1,4,4.0,0,7.0,1,4,3,49,0,3
2308,18,155,179,1,1970-01-01 00:00:00.000000216,7,0,5,222,1,3,18,2,2,1,1.0,0,6.0,0,4,2,19,10,3
2292,4,10,211,33,1970-01-01 00:00:00.000000195,9,1,45,265,56,3,9,0,1,5,5.0,0,10.0,1,3,2,27,12,3
2291,18,98,30,40,1970-01-01 00:00:00.000000208,30,17,61,47,72,1,18,2,2,1,1.0,0,6.0,0,4,2,19,10,0
2297,18,31,186,40,1970-01-01 00:00:00.000000215,7,0,57,230,70,17,18,2,2,1,1.0,0,6.0,0,4,2,19,10,0
2288,9,218,48,33,1970-01-01 00:00:00.000000212,7,0,43,69,53,3,7,1,1,4,4.0,0,9.0,3,1,2,27,12,0
2287,14,223,190,33,1970-01-01 00:00:00.000000213,14,54,98,242,61,24,7,1,1,4,4.0,0,8.0,3,0,0,7,44,3
2286,14,50,190,3,1970-01-01 00:00:00.000000212,80,59,95,235,3,3,7,1,1,4,4.0,0,10.0,3,1,2,51,10,1
2284,9,72,291,33,1970-01-01 00:00:00.000000210,7,0,43,354,53,3,7,1,1,4,4.0,0,9.0,3,1,2,26,10,3
2276,14,229,293,5,1970-01-01 00:00:00.000000211,101,33,99,357,13,9,7,0,1,3,3.0,0,6.0,3,2,1,10,6,0
2263,15,270,135,33,1970-01-01 00:00:00.000000204,7,0,43,162,53,3,7,1,1,4,4.0,0,6.0,3,0,2,27,12,3
2262,15,282,43,33,1970-01-01 00:00:00.000000196,7,0,43,63,53,3,7,1,1,4,4.0,0,10.0,0,1,2,19,10,3
2261,20,220,119,35,1970-01-01 00:00:00.000000206,36,31,127,145,65,24,6,2,1,4,4.0,0,7.0,1,4,2,26,23,0
2255,12,51,43,33,1970-01-01 00:00:00.000000192,61,0,43,63,53,3,9,0,1,5,5.0,0,6.0,3,2,2,26,10,3
2253,4,34,150,33,1970-01-01 00:00:00.000000204,61,0,43,189,53,3,9,1,1,6,0.0,1,11.0,1,1,2,26,10,3
2254,14,130,190,33,1970-01-01 00:00:00.000000414,46,83,43,235,53,3,7,0,1,3,3.0,0,6.0,3,2,3,37,9,3
2245,4,229,206,33,1970-01-01 00:00:00.000000194,7,0,43,259,53,3,9,0,1,5,5.0,0,10.0,1,3,2,26,10,3
2246,25,229,141,33,1970-01-01 00:00:00.000000205,80,59,95,174,53,3,20,2,0,1,1.0,2,5.0,3,4,3,15,10,3
2242,4,43,171,33,1970-01-01 00:00:00.000000180,7,0,43,212,53,3,7,1,1,6,6.0,1,11.0,1,1,2,27,12,3
2236,14,137,190,33,1970-01-01 00:00:00.000000202,0,77,21,235,53,24,7,0,1,3,3.0,0,6.0,3,2,0,11,43,3
2232,12,4,46,33,1970-01-01 00:00:00.000000203,0,77,95,66,53,3,9,0,1,5,5.0,1,11.0,5,3,3,51,10,1
2235,15,168,21,33,1970-01-01 00:00:00.000000201,7,0,43,34,53,3,7,0,1,3,5.0,0,6.0,3,2,2,51,10,1
2228,14,298,139,22,1970-01-01 00:00:00.000000051,28,25,35,172,38,15,7,1,1,4,4.0,0,6.0,3,0,1,37,9,2
2227,25,220,192,14,1970-01-01 00:00:00.000000198,80,59,70,243,24,9,20,2,0,1,1.0,2,5.0,3,4,1,11,35,0
2219,9,40,42,33,1970-01-01 00:00:00.000000172,7,0,43,62,53,3,7,0,1,3,3.0,0,10.0,0,1,2,19,10,3
2218,12,15,166,33,1970-01-01 00:00:00.000000197,7,0,43,207,53,3,9,0,1,5,5.0,0,8.0,1,2,2,26,23,3
2213,12,186,42,33,1970-01-01 00:00:00.000000200,7,0,95,62,53,3,9,0,1,5,5.0,0,9.0,5,2,2,38,15,3
2208,15,338,269,33,1970-01-01 00:00:00.000000129,7,0,43,329,53,3,7,1,1,4,4.0,0,7.0,3,0,2,27,12,3
2207,9,63,222,33,1970-01-01 00:00:00.000000191,7,0,43,278,53,3,7,0,1,3,3.0,0,8.0,3,3,2,27,12,3
2206,15,220,166,33,1970-01-01 00:00:00.000000199,7,0,43,207,53,3,7,1,1,4,4.0,0,7.0,3,0,2,27,12,3
2204,4,41,36,33,1970-01-01 00:00:00.000000196,61,0,43,56,53,3,9,0,1,5,5.0,1,11.0,5,3,2,27,12,3
2196,15,353,48,33,1970-01-01 00:00:00.000000188,9,1,45,70,56,3,7,1,1,4,4.0,0,7.0,3,0,2,26,10,3
2187,22,133,150,33,1970-01-01 00:00:00.000000193,61,0,43,189,53,3,7,2,2,0,3.0,3,0.0,3,4,2,19,10,3
2184,14,229,88,40,1970-01-01 00:00:00.000000194,80,59,79,111,70,24,7,0,1,0,3.0,3,0.0,3,4,2,19,10,3
2179,19,220,301,40,1970-01-01 00:00:00.000000181,0,22,95,366,70,17,20,2,1,4,6.0,0,6.0,1,4,1,52,10,0
2170,8,220,228,43,1970-01-01 00:00:00.000000190,95,68,117,288,78,17,7,0,1,3,3.0,0,7.0,3,3,1,3,19,0
2164,18,94,29,43,1970-01-01 00:00:00.000000189,9,1,63,45,72,17,18,2,2,1,1.0,0,6.0,0,4,2,1,0,0
2167,25,233,275,5,1970-01-01 00:00:00.000000191,80,59,95,335,5,24,7,0,1,0,3.0,3,0.0,3,4,2,19,10,3
2160,25,235,60,14,1970-01-01 00:00:00.000000187,80,59,95,82,24,9,7,0,1,0,3.0,3,0.0,3,4,2,19,10,3
2154,9,278,42,33,1970-01-01 00:00:00.000000185,43,0,95,62,53,3,7,1,1,4,4.0,0,9.0,3,1,2,27,12,3
2153,15,228,48,33,1970-01-01 00:00:00.000000186,7,0,43,69,53,3,9,0,1,3,3.0,0,6.0,3,2,2,26,10,3
2151,18,142,30,33,1970-01-01 00:00:00.000000185,7,0,43,46,53,24,18,2,2,1,1.0,0,6.0,0,4,2,19,10,3
2150,18,290,286,52,1970-01-01 00:00:00.000000184,43,48,95,348,100,16,20,0,1,2,2.0,0,6.0,1,4,0,3,10,0
2147,14,220,143,22,1970-01-01 00:00:00.000000183,80,59,57,176,37,24,7,0,1,3,3.0,2,5.0,3,2,1,52,10,0
2146,26,233,190,33,1970-01-01 00:00:00.000000182,80,59,57,235,53,3,20,2,0,1,1.0,2,5.0,3,4,2,19,10,3
2139,22,259,166,33,1970-01-01 00:00:00.000000178,7,0,43,207,53,3,7,0,1,0,3.0,3,0.0,3,4,2,19,10,3
2134,19,171,177,15,1970-01-01 00:00:00.000000179,95,68,117,219,27,9,7,0,1,0,3.0,3,0.0,3,4,2,19,10,3
2131,9,293,166,33,1970-01-01 00:00:00.000000174,7,0,43,207,53,3,7,0,1,0,3.0,3,0.0,3,4,2,19,10,3
2138,8,170,171,33,1970-01-01 00:00:00.000000177,7,0,43,212,53,3,7,0,1,0,3.0,3,0.0,3,4,2,19,10,3
2128,12,359,190,33,1970-01-01 00:00:00.000000414,46,83,43,235,53,3,20,0,1,5,5.0,0,9.0,5,2,2,19,10,3
2122,25,220,274,33,1970-01-01 00:00:00.000000174,80,22,81,334,53,24,7,0,1,0,3.0,3,0.0,3,4,2,19,10,3
2121,18,123,30,40,1970-01-01 00:00:00.000000176,7,0,43,46,70,24,7,0,1,0,3.0,3,0.0,3,4,2,19,10,3
2112,1,9,30,33,1970-01-01 00:00:00.000000166,30,17,50,47,56,24,7,0,1,0,3.0,3,0.0,3,4,2,19,10,3
2113,8,177,78,33,1970-01-01 00:00:00.000000171,7,0,43,101,53,3,7,0,1,0,3.0,0,10.0,1,1,3,37,9,3
2118,22,159,291,33,1970-01-01 00:00:00.000000171,7,0,43,354,53,3,7,0,1,0,3.0,3,0.0,3,4,2,19,10,3
2117,19,108,162,52,1970-01-01 00:00:00.000000173,2,10,83,203,105,16,7,0,1,5,5.0,2,5.0,0,4,0,3,10,0
2108,23,239,143,22,1970-01-01 00:00:00.000000175,96,70,68,183,43,24,12,2,1,2,2.0,0,6.0,3,4,1,52,10,0
2104,14,315,47,33,1970-01-01 00:00:00.000000169,7,0,43,68,53,3,7,0,1,3,3.0,0,6.0,3,2,2,38,15,3
2107,16,93,131,33,1970-01-01 00:00:00.000000170,7,0,43,158,53,3,7,1,1,4,4.0,0,7.0,3,0,3,52,10,3
2099,25,220,38,47,1970-01-01 00:00:00.000000169,80,59,28,58,92,24,20,2,0,1,1.0,2,5.0,3,4,3,52,10,3
2088,25,220,275,5,1970-01-01 00:00:00.000000168,95,68,100,336,8,24,20,2,0,1,1.0,2,5.0,3,4,1,14,30,0
2085,25,58,215,33,1970-01-01 00:00:00.000000167,89,64,67,271,56,24,20,2,0,1,1.0,2,5.0,3,4,2,19,10,3
2083,12,289,196,33,1970-01-01 00:00:00.000000163,7,0,43,247,53,3,7,1,1,6,6.0,1,11.0,5,1,2,25,9,3
2079,8,117,190,33,1970-01-01 00:00:00.000000164,7,0,43,235,53,3,7,1,1,4,4.0,0,8.0,3,1,3,37,9,3
2074,25,227,299,41,1970-01-01 00:00:00.000000165,89,64,111,363,71,24,20,2,0,1,1.0,2,4.0,3,4,2,15,10,3
2066,25,220,99,40,1970-01-01 00:00:00.000000164,7,59,95,122,70,17,20,2,0,1,1.0,0,6.0,3,4,1,52,10,0
2067,14,336,300,21,1970-01-01 00:00:00.000000294,89,64,111,365,36,24,7,0,1,3,3.0,0,6.0,3,2,2,5,31,0
2047,8,78,128,33,1970-01-01 00:00:00.000000161,7,48,43,155,53,3,7,1,1,4,4.0,0,8.0,3,1,3,37,9,3
2041,4,22,205,33,1970-01-01 00:00:00.000000158,7,0,43,258,53,3,9,1,1,6,6.0,0,10.0,1,1,2,26,10,3
2046,18,319,297,33,1970-01-01 00:00:00.000000156,9,60,7,361,56,17,18,2,2,1,1.0,2,5.0,0,4,2,19,10,3
2042,8,217,42,33,1970-01-01 00:00:00.000000129,7,0,43,62,53,3,7,1,1,4,4.0,0,8.0,3,1,2,26,10,3
2035,18,125,186,40,1970-01-01 00:00:00.000000161,7,0,57,230,70,17,18,2,2,1,1.0,2,5.0,0,4,2,19,10,3
2025,8,149,162,52,1970-01-01 00:00:00.000000067,2,10,83,203,105,16,7,0,1,0,3.0,3,0.0,3,4,2,19,10,3
2027,8,344,162,52,1970-01-01 00:00:00.000000070,1,13,82,202,104,16,7,0,1,0,3.0,3,0.0,3,4,2,19,10,3
2031,8,107,162,40,1970-01-01 00:00:00.000000077,2,10,83,203,78,16,7,0,1,0,3.0,0,6.0,4,3,0,52,10,0
2033,8,264,162,52,1970-01-01 00:00:00.000000091,2,10,83,203,105,16,7,0,1,0,3.0,0,7.0,4,1,0,52,10,0
2017,4,341,291,40,1970-01-01 00:00:00.000000160,61,0,43,354,70,3,9,0,1,5,5.0,0,10.0,2,2,2,27,12,3
2020,20,128,209,33,1970-01-01 00:00:00.000000064,7,22,73,262,53,3,6,2,1,4,6.0,0,6.0,1,4,3,37,9,3
2030,19,286,162,52,1970-01-01 00:00:00.000000077,2,10,83,203,105,16,7,0,1,0,3.0,2,3.0,4,4,0,40,40,0
2011,12,229,190,33,1970-01-01 00:00:00.000000159,89,25,111,237,56,3,9,0,1,5,5.0,0,8.0,1,2,2,26,10,3
2016,1,84,180,33,1970-01-01 00:00:00.000000083,61,0,43,223,53,17,7,0,1,1,1.0,3,0.0,3,4,2,19,10,3
2013,25,169,111,33,1970-01-01 00:00:00.000000042,61,0,43,135,53,17,20,0,0,1,1.0,3,0.0,3,4,2,19,10,3
2007,6,122,64,33,1970-01-01 00:00:00.000000143,24,20,52,85,60,3,7,0,1,4,4.0,3,0.0,3,4,2,26,10,3
2001,12,271,150,33,1970-01-01 00:00:00.000000146,7,0,43,189,53,3,9,1,1,6,6.0,0,10.0,1,1,2,26,10,3
2004,4,136,150,33,1970-01-01 00:00:00.000000157,7,0,43,189,53,3,9,1,1,6,6.0,0,9.0,3,1,2,26,10,3
1980,2,285,26,33,1970-01-01 00:00:00.000000069,61,0,43,42,53,17,7,0,2,2,0.0,3,0.0,3,4,2,19,10,3
1977,25,220,143,22,1970-01-01 00:00:00.000000157,80,59,34,176,37,3,20,2,0,1,1.0,2,5.0,3,4,1,52,10,0
1978,25,220,143,22,1970-01-01 00:00:00.000000157,80,59,34,176,37,3,20,2,0,1,1.0,2,5.0,3,4,1,52,10,0
1981,8,37,162,52,1970-01-01 00:00:00.000000065,2,10,83,203,105,16,7,1,1,2,0.0,3,0.0,3,4,2,19,10,3
1988,18,25,190,33,1970-01-01 00:00:00.000000414,46,83,43,235,53,16,7,0,1,1,0.0,3,0.0,3,4,2,19,10,3
1966,18,220,30,48,1970-01-01 00:00:00.000000155,30,17,76,47,94,21,18,2,2,1,1.0,0,6.0,0,4,2,26,10,0
1965,14,234,53,46,1970-01-01 00:00:00.000000157,80,59,95,75,91,24,7,0,1,3,3.0,0,8.0,3,3,3,52,10,3
1958,8,251,200,32,1970-01-01 00:00:00.000000134,38,29,40,252,52,3,7,0,1,3,3.0,0,8.0,3,3,2,25,9,1
1961,14,85,23,33,1970-01-01 00:00:00.000000153,7,0,43,37,53,3,7,0,1,3,3.0,0,6.0,3,2,2,19,10,3
1953,18,220,186,40,1970-01-01 00:00:00.000000105,89,64,16,233,72,17,18,2,2,1,1.0,0,6.0,0,4,2,19,10,0
1945,18,57,186,40,1970-01-01 00:00:00.000000105,89,64,16,233,72,17,18,2,2,1,1.0,0,6.0,0,4,2,19,10,0
1946,18,220,137,40,1970-01-01 00:00:00.000000094,73,18,60,169,75,17,18,2,2,2,2.0,0,7.0,1,4,2,19,10,0
1949,4,157,47,40,1970-01-01 00:00:00.000000151,6,84,95,68,70,3,9,0,1,5,5.0,1,12.0,5,1,2,28,13,0
1952,18,2,137,40,1970-01-01 00:00:00.000000096,61,0,57,164,70,16,18,2,2,1,1.0,0,6.0,0,4,2,19,10,0
1942,19,220,190,52,1970-01-01 00:00:00.000000154,9,23,62,236,101,16,13,2,1,3,3.0,0,6.0,0,4,2,33,14,3
1941,18,92,186,40,1970-01-01 00:00:00.000000152,9,1,63,233,72,17,18,2,2,1,1.0,0,6.0,0,4,2,19,10,0
1940,25,220,122,33,1970-01-01 00:00:00.000000153,80,59,95,148,53,3,20,2,0,1,1.0,2,5.0,3,4,3,36,23,3
1937,8,106,190,0,1970-01-01 00:00:00.000000151,80,59,95,235,0,3,7,0,1,3,3.0,0,8.0,3,3,3,52,10,3
1934,18,347,30,48,1970-01-01 00:00:00.000000150,25,18,77,49,95,24,18,2,2,1,1.0,0,6.0,0,4,2,19,10,0
1933,14,204,20,4,1970-01-01 00:00:00.000000149,96,70,11,33,4,24,7,0,1,3,3.0,0,8.0,3,2,2,19,10,3
1932,15,358,150,33,1970-01-01 00:00:00.000000148,7,0,43,189,53,3,9,0,1,5,5.0,0,8.0,1,2,2,19,10,3
1931,8,279,222,33,1970-01-01 00:00:00.000000144,7,0,43,278,53,3,7,1,1,4,4.0,0,9.0,3,1,2,27,12,3
1926,14,220,296,33,1970-01-01 00:00:00.000000147,80,59,95,360,53,3,7,0,1,3,3.0,0,6.0,3,2,3,14,0,3
1925,19,296,30,48,1970-01-01 00:00:00.000000145,30,17,78,47,93,7,18,2,1,3,3.0,0,6.0,0,2,2,51,10,1
1915,20,331,166,33,1970-01-01 00:00:00.000000144,7,0,43,207,53,3,7,0,1,0,3.0,0,7.0,0,0,2,52,10,3
1923,25,220,295,33,1970-01-01 00:00:00.000000146,80,59,95,359,53,24,7,0,1,0,3.0,3,0.0,3,4,2,19,10,3
1917,14,229,256,33,1970-01-01 00:00:00.000000140,80,59,95,315,53,3,7,0,1,0,3.0,0,7.0,5,2,3,37,9,3
1918,25,250,37,33,1970-01-01 00:00:00.000000146,80,59,95,57,53,3,7,0,1,0,3.0,3,0.0,3,4,2,19,10,3
1920,25,220,133,33,1970-01-01 00:00:00.000000146,80,59,95,160,53,3,7,0,1,0,3.0,3,0.0,3,4,2,19,10,3
1921,25,220,132,33,1970-01-01 00:00:00.000000146,80,59,95,159,53,16,7,0,1,0,3.0,3,0.0,3,4,2,19,10,3
1922,25,238,90,33,1970-01-01 00:00:00.000000146,80,59,95,113,53,3,7,0,1,0,3.0,3,0.0,3,4,2,19,10,3
1910,20,324,175,14,1970-01-01 00:00:00.000000162,9,23,30,220,32,24,6,2,1,4,4.0,0,6.0,1,4,3,37,22,3
1909,0,233,184,33,1970-01-01 00:00:00.000000141,89,64,111,228,56,24,7,0,2,1,1.0,0,6.0,3,2,3,15,10,3
1904,20,234,190,22,1970-01-01 00:00:00.000000142,99,34,104,241,41,3,6,2,1,4,4.0,2,5.0,1,4,1,37,22,0
1901,25,316,190,33,1970-01-01 00:00:00.000000140,7,84,79,235,53,3,20,2,0,2,2.0,2,4.0,3,4,3,52,10,3
1889,20,221,46,33,1970-01-01 00:00:00.000000139,28,25,32,67,56,24,6,2,1,3,3.0,2,5.0,0,4,2,37,9,3
1876,19,220,227,40,1970-01-01 00:00:00.000000138,80,59,70,283,70,16,20,2,0,1,1.0,2,5.0,4,0,1,3,10,0
1868,18,44,137,40,1970-01-01 00:00:00.000000137,53,90,121,168,83,17,18,2,2,1,1.0,0,6.0,0,4,2,26,23,0
1867,18,249,137,40,1970-01-01 00:00:00.000000136,10,61,41,166,73,17,18,2,2,1,1.0,0,6.0,0,4,1,26,23,0
1863,18,313,137,40,1970-01-01 00:00:00.000000135,7,0,57,164,70,17,18,2,2,1,1.0,0,7.0,1,4,2,19,10,0
1862,14,235,247,40,1970-01-01 00:00:00.000000056,47,22,88,306,70,9,7,0,1,3,3.0,0,6.0,3,2,1,15,10,0
1864,14,235,60,14,1970-01-01 00:00:00.000000056,47,22,88,82,24,24,7,0,1,3,3.0,0,6.0,3,2,1,15,29,0
1859,8,71,161,49,1970-01-01 00:00:00.000000133,7,0,79,200,97,24,7,1,1,4,4.0,0,8.0,3,1,2,21,9,2
1853,18,77,137,40,1970-01-01 00:00:00.000000082,9,23,15,165,72,9,17,0,1,1,1.0,2,5.0,0,4,2,51,10,1
1847,14,220,143,22,1970-01-01 00:00:00.000000079,80,59,95,176,37,15,20,0,1,3,3.0,0,6.0,3,2,0,4,10,3
1836,25,229,190,5,1970-01-01 00:00:00.000000133,80,59,10,235,5,24,20,2,0,1,1.0,2,4.0,3,4,3,52,10,3
1835,18,191,187,33,1970-01-01 00:00:00.000000132,88,60,105,232,56,17,18,2,2,1,1.0,2,5.0,0,4,3,51,10,2
1829,18,96,27,10,1970-01-01 00:00:00.000000130,62,1,14,43,19,10,13,2,2,2,2.0,2,5.0,0,4,2,52,10,3
1827,25,220,19,5,1970-01-01 00:00:00.000000127,80,59,21,31,5,24,20,2,0,1,1.0,2,4.0,3,4,1,51,10,3
1824,13,273,150,40,1970-01-01 00:00:00.000000128,61,0,43,189,70,9,9,0,2,3,3.0,0,10.0,1,1,3,52,10,3
1823,1,107,26,33,1970-01-01 00:00:00.000000063,7,0,43,42,53,17,7,0,2,1,1.0,0,7.0,3,3,2,42,38,1
1818,18,13,126,52,1970-01-01 00:00:00.000000123,7,0,81,152,100,16,22,2,2,1,0.0,2,5.0,0,4,1,18,10,3
1817,18,174,26,33,1970-01-01 00:00:00.000000121,61,0,43,42,53,24,13,2,2,1,1.0,2,5.0,0,4,2,52,10,1
1805,25,220,99,40,1970-01-01 00:00:00.000000124,7,22,95,122,70,9,20,2,0,1,1.0,0,6.0,3,2,0,54,0,0
1797,18,75,32,36,1970-01-01 00:00:00.000000108,71,4,3,51,66,16,18,2,2,2,2.0,2,5.0,0,4,1,52,10,1
1777,18,220,137,40,1970-01-01 00:00:00.000000106,65,18,58,166,75,17,18,0,1,1,1.0,2,3.0,0,4,1,52,10,1
1741,19,195,113,33,1970-01-01 00:00:00.000000120,11,11,44,139,57,24,3,2,1,4,6.0,2,5.0,0,4,2,51,10,1
1740,18,288,262,52,1970-01-01 00:00:00.000000103,62,1,82,321,104,17,18,2,2,2,2.0,0,6.0,1,4,2,52,10,1
1738,19,253,262,52,1970-01-01 00:00:00.000000104,69,82,84,322,106,16,16,0,1,4,4.0,0,8.0,1,1,2,52,10,1
1726,18,321,137,40,1970-01-01 00:00:00.000000102,61,0,57,164,70,17,18,2,2,2,2.0,2,3.0,1,5,2,52,10,1
1716,18,310,138,42,1970-01-01 00:00:00.000000126,15,6,65,167,74,17,18,2,2,1,1.0,2,5.0,0,4,2,18,10,3
1700,18,87,198,40,1970-01-01 00:00:00.000000100,7,84,81,249,70,16,18,2,2,1,1.0,2,3.0,0,4,2,52,10,1
1691,25,354,217,5,1970-01-01 00:00:00.000000048,80,59,95,273,5,21,20,2,0,1,1.0,0,6.0,3,4,1,41,39,0
1683,14,234,254,5,1970-01-01 00:00:00.000000098,80,59,57,313,5,24,7,0,1,3,3.0,2,5.0,3,2,1,4,10,3
1679,1,111,25,33,1970-01-01 00:00:00.000000068,7,0,43,41,53,17,7,0,2,1,1.0,2,4.0,4,3,2,19,10,3
1676,25,240,143,22,1970-01-01 00:00:00.000000125,80,59,57,176,37,24,20,2,0,1,1.0,2,3.0,3,5,0,52,10,0
1659,20,229,232,40,1970-01-01 00:00:00.000000124,80,59,95,291,70,16,6,2,1,4,4.0,2,1.0,4,5,1,52,10,0
1653,1,56,126,52,1970-01-01 00:00:00.000000122,61,0,81,152,100,16,7,1,1,2,2.0,0,6.0,4,3,1,18,10,3
1651,18,287,126,52,1970-01-01 00:00:00.000000066,7,84,57,152,100,16,18,0,1,1,1.0,2,5.0,0,4,1,51,10,3
1648,19,36,41,2,1970-01-01 00:00:00.000000064,7,0,6,61,2,17,6,2,1,3,3.0,2,5.0,0,4,2,19,10,1
1640,1,272,26,60,1970-01-01 00:00:00.000000087,61,0,129,42,114,17,7,0,2,1,1.0,0,8.0,3,3,2,19,10,3
1618,18,160,137,40,1970-01-01 00:00:00.000000099,43,0,57,164,70,17,18,2,2,1,1.0,2,1.0,3,4,2,19,10,3
1613,8,167,207,40,1970-01-01 00:00:00.000000333,51,49,97,260,72,3,7,1,1,4,4.0,1,11.0,3,1,2,20,8,3
1605,25,220,287,33,1970-01-01 00:00:00.000000117,89,64,67,350,56,24,12,2,0,1,1.0,2,1.0,4,5,3,42,38,3
1603,18,172,137,40,1970-01-01 00:00:00.000000119,63,12,59,170,79,24,18,2,2,1,1.0,2,4.0,0,4,2,19,10,3
1591,18,80,137,40,1970-01-01 00:00:00.000000080,72,17,67,165,72,17,18,2,2,1,1.0,2,2.0,4,5,2,19,10,3
1589,25,234,55,5,1970-01-01 00:00:00.000000118,89,64,111,77,6,24,20,2,0,1,1.0,0,7.0,2,5,1,13,36,0
1580,14,220,202,26,1970-01-01 00:00:00.000000090,97,71,124,254,46,9,20,2,0,1,1.0,2,5.0,4,2,1,12,7,0
1577,22,220,137,40,1970-01-01 00:00:00.000000085,56,23,56,165,72,17,18,2,2,1,1.0,3,0.0,3,4,2,19,10,3
1575,18,49,190,40,1970-01-01 00:00:00.000000059,45,78,91,237,72,16,18,0,1,1,1.0,2,5.0,0,4,2,19,10,3
1570,18,219,190,33,1970-01-01 00:00:00.000000084,80,22,81,235,53,16,18,2,2,1,1.0,3,0.0,3,4,2,19,10,3
1571,21,229,227,40,1970-01-01 00:00:00.000000061,80,59,95,283,70,16,7,2,1,4,4.0,0,6.0,0,4,0,52,10,0
1562,25,206,84,30,1970-01-01 00:00:00.000000116,80,59,57,107,50,24,20,2,0,1,2.0,2,2.0,4,5,3,42,38,3
1554,12,210,188,34,1970-01-01 00:00:00.000000088,93,65,113,3,64,24,10,0,1,5,5.0,0,10.0,1,3,2,52,10,3
1553,23,220,143,22,1970-01-01 00:00:00.000000113,80,59,70,176,37,24,20,2,1,2,2.0,2,4.0,4,4,1,42,38,0
1542,14,220,287,33,1970-01-01 00:00:00.000000115,89,64,128,350,54,24,7,0,1,2,3.0,2,2.0,4,5,3,53,10,3
1537,25,220,143,22,1970-01-01 00:00:00.000000114,80,59,95,176,37,24,20,3,0,1,1.0,2,2.0,4,5,0,51,10,3
1538,12,207,63,5,1970-01-01 00:00:00.000000093,94,67,109,84,7,24,9,1,1,5,5.0,2,1.0,4,5,1,4,10,3
1541,19,337,190,40,1970-01-01 00:00:00.000000075,7,22,81,235,70,16,7,0,1,3,3.0,2,1.0,3,4,2,19,10,3
1520,19,343,26,60,1970-01-01 00:00:00.000000060,66,78,130,50,120,17,7,2,1,4,4.0,0,7.0,0,0,2,52,10,3
1514,19,206,190,40,1970-01-01 00:00:00.000000097,54,21,17,4,83,17,14,2,1,4,4.0,1,13.0,2,0,0,45,0,0
1510,1,260,194,33,1970-01-01 00:00:00.000000112,61,0,43,245,53,3,7,0,2,1,1.0,0,10.0,0,1,3,51,10,2
1511,19,229,227,40,1970-01-01 00:00:00.000000078,80,59,70,283,70,16,15,3,1,3,3.0,0,7.0,0,4,1,39,41,0
1503,18,55,26,33,1970-01-01 00:00:00.000000111,61,0,43,42,53,3,17,2,2,0,0.0,2,5.0,0,4,2,52,10,3
1493,15,237,165,16,1970-01-01 00:00:00.000000110,37,32,126,206,30,24,6,0,1,0,3.0,0,6.0,4,2,2,52,10,3
1495,25,328,244,5,1970-01-01 00:00:00.000000109,80,59,70,303,5,24,20,0,0,1,1.0,2,3.0,4,5,2,37,22,3
1494,14,202,143,22,1970-01-01 00:00:00.000000107,89,62,102,177,38,24,7,0,1,3,3.0,2,1.0,4,2,1,52,10,0
1491,20,233,190,22,1970-01-01 00:00:00.000000095,95,36,116,7,39,24,6,0,1,3,3.0,0,10.0,4,0,1,37,22,0
379,19,199,12,14,1970-01-01 00:00:00.000000007,89,63,43,24,25,24,7,3,1,4,4.0,0,5.0,3,4,2,19,10,3
435,14,220,94,5,1970-01-01 00:00:00.000000012,80,59,43,117,5,9,7,1,1,4,4.0,0,5.0,3,4,2,19,10,3
416,14,202,14,22,1970-01-01 00:00:00.000000026,80,59,43,26,37,15,7,1,1,4,4.0,0,5.0,3,4,2,19,10,3
418,14,205,65,14,1970-01-01 00:00:00.000000414,80,59,43,86,24,24,7,0,1,3,3.0,0,5.0,3,4,2,19,10,3
419,25,199,264,5,1970-01-01 00:00:00.000000026,80,59,43,324,5,24,7,3,0,1,1.0,0,5.0,3,4,2,19,10,3
420,14,220,94,5,1970-01-01 00:00:00.000000012,7,59,43,117,5,9,7,1,1,4,4.0,0,5.0,3,4,2,19,10,3
421,14,199,102,15,1970-01-01 00:00:00.000000008,80,59,43,125,24,2,7,0,1,3,3.0,0,5.0,3,4,2,19,10,3
660,8,220,139,22,1970-01-01 00:00:00.000000414,47,22,43,171,37,15,7,0,1,3,3.0,0,5.0,3,4,2,19,10,3
663,14,329,19,5,1970-01-01 00:00:00.000000037,76,44,22,32,6,24,7,0,1,3,3.0,0,0.0,3,4,2,19,10,3
664,14,202,214,6,1970-01-01 00:00:00.000000046,89,64,43,269,6,21,7,0,1,3,3.0,0,5.0,3,4,2,19,10,3
665,14,220,249,6,1970-01-01 00:00:00.000000040,59,25,43,308,6,9,7,1,1,4,4.0,0,5.0,3,4,2,19,10,3
667,14,199,231,62,1970-01-01 00:00:00.000000027,81,75,43,287,118,24,7,0,1,3,3.0,0,5.0,3,4,2,19,10,3
621,0,220,7,6,1970-01-01 00:00:00.000000013,89,64,43,15,6,24,7,0,3,1,1.0,0,5.0,3,4,2,19,10,3
670,14,200,86,37,1970-01-01 00:00:00.000000414,80,59,43,109,67,24,7,0,1,3,3.0,0,0.0,3,4,2,19,10,3
719,14,200,169,60,1970-01-01 00:00:00.000000414,80,59,43,210,114,24,7,0,1,3,3.0,0,0.0,3,4,2,19,10,3
693,18,220,149,62,1970-01-01 00:00:00.000000415,66,1,43,188,120,24,7,3,3,1,1.0,0,5.0,3,4,2,19,10,3
533,14,220,54,5,1970-01-01 00:00:00.000000414,80,59,43,76,5,24,7,0,1,3,3.0,0,0.0,3,4,2,19,10,3
592,0,220,3,5,1970-01-01 00:00:00.000000011,27,75,43,9,6,9,7,1,3,2,2.0,0,5.0,3,4,2,19,10,3
594,16,199,15,23,1970-01-01 00:00:00.000000027,89,64,43,27,38,15,7,1,0,3,3.0,0,5.0,3,4,2,19,10,3
613,18,220,74,40,1970-01-01 00:00:00.000000011,88,60,43,97,88,8,7,3,3,1,1.0,0,5.0,3,4,2,19,10,3
564,14,202,86,30,1970-01-01 00:00:00.000000012,80,59,43,109,50,24,7,1,1,4,4.0,0,0.0,3,4,2,19,10,3
588,14,300,9,5,1970-01-01 00:00:00.000000024,85,51,54,20,12,2,7,0,1,3,3.0,3,0.0,3,4,2,19,10,3
578,14,82,5,5,1970-01-01 00:00:00.000000033,42,44,111,13,6,24,7,1,1,4,4.0,3,0.0,3,4,2,19,10,3
581,14,200,18,5,1970-01-01 00:00:00.000000018,80,59,43,30,5,24,7,0,1,3,3.0,0,5.0,3,4,2,19,10,3
584,14,220,271,40,1970-01-01 00:00:00.000000016,86,47,43,331,72,24,7,1,1,4,4.0,0,5.0,3,4,2,19,10,3
587,14,209,93,3,1970-01-01 00:00:00.000000414,80,59,43,116,3,24,7,0,1,3,3.0,0,5.0,3,4,2,19,10,3
133,0,202,8,6,1970-01-01 00:00:00.000000028,60,40,112,16,8,24,7,1,3,2,2.0,0,0.0,3,4,2,19,10,3
137,14,220,105,56,1970-01-01 00:00:00.000000009,83,57,43,128,109,24,7,0,1,3,3.0,0,5.0,3,4,2,19,10,3
138,0,203,4,62,1970-01-01 00:00:00.000000016,89,64,43,11,120,24,7,0,3,1,1.0,0,5.0,3,4,2,19,10,3
107,0,209,239,11,1970-01-01 00:00:00.000000006,44,56,8,298,20,24,7,1,2,2,2.0,0,0.0,3,4,2,19,10,3
118,25,220,190,9,1970-01-01 00:00:00.000000001,1,25,111,237,17,24,7,3,0,1,1.0,0,0.0,3,4,2,19,10,3
120,18,194,143,22,1970-01-01 00:00:00.000000002,5,44,35,177,38,9,7,3,3,1,1.0,3,0.0,3,4,2,19,10,3
181,14,220,204,5,1970-01-01 00:00:00.000000003,9,44,43,257,6,24,7,0,1,3,3.0,0,5.0,3,4,2,19,10,3
171,21,220,77,14,1970-01-01 00:00:00.000000007,74,44,43,100,25,2,7,3,0,3,3.0,0,0.0,3,4,2,19,10,3
170,25,220,227,40,1970-01-01 00:00:00.000000010,0,22,43,283,70,24,7,3,0,1,1.0,0,5.0,3,4,2,19,10,3
162,14,203,154,59,1970-01-01 00:00:00.000000019,89,64,43,193,113,24,7,1,1,4,4.0,0,5.0,3,4,2,19,10,3
163,14,0,197,44,1970-01-01 00:00:00.000000074,39,36,117,248,76,24,7,1,1,4,4.0,0,0.0,3,4,2,19,10,3
167,0,179,10,7,1970-01-01 00:00:00.000000022,19,55,48,18,14,2,7,1,3,2,2.0,0,0.0,3,4,2,19,10,3
168,0,202,160,14,1970-01-01 00:00:00.000000008,7,48,43,199,24,10,7,0,3,1,1.0,0,5.0,3,4,2,19,10,3
103,11,199,143,22,1970-01-01 00:00:00.000000015,80,59,43,176,37,9,7,0,1,4,4.0,3,0.0,3,4,2,19,10,3
40,0,203,302,25,1970-01-01 00:00:00.000000010,80,59,43,367,45,24,7,0,3,1,1.0,0,5.0,3,4,2,19,10,3
44,0,199,204,5,1970-01-01 00:00:00.000000010,80,59,43,256,5,2,7,1,3,2,2.0,0,5.0,3,4,2,19,10,3
46,19,220,181,20,1970-01-01 00:00:00.000000004,25,39,0,225,34,9,12,3,1,7,11.0,0,0.0,3,4,2,19,10,3
25,0,208,4,6,1970-01-01 00:00:00.000000005,77,69,3,10,10,24,7,1,3,2,2.0,0,5.0,3,4,2,19,10,3
26,0,209,5,5,1970-01-01 00:00:00.000000027,42,43,96,13,6,24,7,1,3,2,2.0,0,0.0,3,4,2,19,10,3
86,0,220,56,57,1970-01-01 00:00:00.000000039,80,59,43,78,111,2,7,1,3,2,2.0,0,5.0,3,4,2,19,10,3
87,18,220,190,40,1970-01-01 00:00:00.000000000,79,46,0,3,75,2,7,3,3,2,2.0,0,0.0,3,4,2,19,10,3
98,0,205,203,60,1970-01-01 00:00:00.000000414,80,59,43,255,114,24,7,1,3,2,2.0,0,5.0,3,4,2,19,10,3
67,14,238,105,56,1970-01-01 00:00:00.000000013,9,89,43,129,110,24,7,1,1,4,4.0,0,0.0,3,4,2,19,10,3
69,0,200,50,60,1970-01-01 00:00:00.000000027,82,75,43,72,115,24,7,0,3,1,1.0,0,5.0,3,4,2,19,10,3
302,14,203,155,60,1970-01-01 00:00:00.000000414,80,59,43,194,114,21,7,0,1,3,3.0,0,5.0,3,4,2,19,10,3
316,16,209,159,14,1970-01-01 00:00:00.000000010,80,59,43,198,24,24,7,1,0,3,3.0,0,5.0,3,4,2,19,10,3
359,19,220,181,60,1970-01-01 00:00:00.000000007,81,75,43,224,119,24,7,3,1,4,4.0,0,0.0,3,4,2,19,10,3
328,0,220,11,60,1970-01-01 00:00:00.000000012,80,59,43,21,114,24,7,0,3,1,1.0,0,5.0,3,4,2,19,10,3
333,18,220,185,45,1970-01-01 00:00:00.000000414,61,0,43,229,90,13,7,3,3,1,1.0,0,0.0,3,4,2,19,10,3
211,14,203,251,60,1970-01-01 00:00:00.000000015,75,59,43,310,114,24,7,1,1,4,4.0,0,0.0,3,4,2,19,10,3
272,18,121,253,50,1970-01-01 00:00:00.000000008,61,0,43,312,98,10,7,3,3,1,1.0,3,0.0,3,4,2,19,10,3
260,14,220,181,57,1970-01-01 00:00:00.000000007,86,75,43,224,113,24,7,1,1,4,4.0,0,0.0,3,4,2,19,10,3
258,18,220,241,23,1970-01-01 00:00:00.000000007,9,25,43,300,38,15,7,3,3,1,1.0,0,5.0,3,4,2,19,10,3
1185,25,220,19,5,1970-01-01 00:00:00.000000036,8,88,43,32,6,24,7,3,0,1,1.0,0,5.0,3,4,2,19,10,3
1187,14,220,16,14,1970-01-01 00:00:00.000000039,80,59,43,28,24,24,7,0,1,3,3.0,0,5.0,3,4,2,19,10,3
1189,14,220,143,22,1970-01-01 00:00:00.000000035,80,59,43,176,37,24,7,0,1,3,3.0,0,0.0,3,4,2,19,10,3
1195,14,220,164,62,1970-01-01 00:00:00.000000416,92,74,1,205,121,24,7,0,1,3,3.0,0,5.0,3,4,2,19,10,3
1249,14,203,175,14,1970-01-01 00:00:00.000000039,80,59,43,216,24,24,7,0,1,3,3.0,0,5.0,3,4,2,19,10,3
1254,14,209,190,40,1970-01-01 00:00:00.000000049,50,41,123,5,82,24,7,1,1,4,4.0,1,13.0,3,0,0,4,10,0
1258,14,202,248,6,1970-01-01 00:00:00.000000040,59,25,111,307,6,9,7,1,1,4,4.0,0,0.0,3,4,2,19,10,3
1265,14,220,100,43,1970-01-01 00:00:00.000000040,9,64,43,123,72,9,7,0,1,3,3.0,0,5.0,3,4,2,19,10,3
1267,14,207,85,27,1970-01-01 00:00:00.000000047,95,68,1,108,47,24,7,1,1,4,4.0,0,0.0,3,4,2,19,10,3
1227,25,220,143,22,1970-01-01 00:00:00.000000036,1,63,43,177,38,24,7,3,0,1,1.0,0,5.0,3,4,2,19,10,3
1245,14,220,265,5,1970-01-01 00:00:00.000000040,1,86,43,326,6,24,7,1,1,4,4.0,0,5.0,3,4,2,19,10,3
1237,14,199,143,22,1970-01-01 00:00:00.000000039,80,59,43,176,37,24,7,0,1,3,3.0,0,5.0,3,4,2,19,10,3
1129,14,199,16,14,1970-01-01 00:00:00.000000039,80,59,43,28,24,24,7,0,1,3,3.0,0,5.0,3,4,2,19,10,3
1130,23,220,143,22,1970-01-01 00:00:00.000000026,80,59,43,176,37,24,7,3,1,2,2.0,0,5.0,3,4,2,19,10,3
1112,14,208,143,60,1970-01-01 00:00:00.000000027,83,75,43,177,116,24,7,0,1,3,3.0,0,0.0,3,4,2,19,10,3
1099,0,220,298,60,1970-01-01 00:00:00.000000036,57,44,43,362,120,24,7,0,3,1,1.0,0,5.0,3,4,2,19,10,3
1134,19,54,143,22,1970-01-01 00:00:00.000000026,75,59,43,176,37,24,7,3,1,3,3.0,3,0.0,3,4,2,19,10,3
1163,0,220,68,40,1970-01-01 00:00:00.000000026,80,59,43,89,70,9,7,0,3,1,1.0,0,0.0,3,4,2,19,10,3
1165,14,220,227,14,1970-01-01 00:00:00.000000036,5,44,43,287,25,9,7,1,1,4,4.0,0,5.0,3,4,2,19,10,3
1166,14,203,292,8,1970-01-01 00:00:00.000000415,89,64,43,355,16,24,7,0,1,3,3.0,0,5.0,3,4,2,19,10,3
1168,19,200,12,14,1970-01-01 00:00:00.000000026,75,59,43,23,24,24,7,3,1,3,3.0,0,5.0,3,4,2,19,10,3
1144,14,220,143,22,1970-01-01 00:00:00.000000027,78,44,43,177,38,24,7,0,1,3,3.0,0,0.0,3,4,2,19,10,3
1405,25,220,258,5,1970-01-01 00:00:00.000000045,80,59,43,317,5,24,7,3,0,1,1.0,0,0.0,3,4,2,19,10,3
1392,14,199,169,37,1970-01-01 00:00:00.000000053,80,59,43,210,67,24,7,0,1,3,3.0,0,0.0,3,4,2,19,10,3
1394,14,220,100,43,1970-01-01 00:00:00.000000054,89,64,43,123,72,24,7,0,1,3,3.0,0,5.0,3,4,2,19,10,3
1397,25,199,176,15,1970-01-01 00:00:00.000000054,89,64,43,217,25,24,7,3,0,1,1.0,0,5.0,3,4,2,19,10,3
1399,14,220,5,5,1970-01-01 00:00:00.000000053,80,59,43,12,5,14,7,0,1,3,3.0,0,0.0,3,4,2,19,10,3
1400,25,199,94,5,1970-01-01 00:00:00.000000053,7,59,43,117,5,9,7,3,0,1,1.0,0,5.0,3,4,2,19,10,3
1383,2,220,45,14,1970-01-01 00:00:00.000000045,7,59,43,65,24,9,7,0,3,2,2.0,0,5.0,3,4,2,19,10,3
1364,14,202,115,5,1970-01-01 00:00:00.000000045,80,59,43,141,5,24,7,0,1,3,3.0,0,5.0,3,4,2,19,10,3
1374,14,209,59,60,1970-01-01 00:00:00.000000045,80,59,43,81,114,24,7,0,1,3,3.0,0,5.0,3,4,2,19,10,3
1375,25,202,114,14,1970-01-01 00:00:00.000000045,80,59,43,140,24,9,7,3,0,1,1.0,0,5.0,3,4,2,19,10,3
1376,14,220,130,5,1970-01-01 00:00:00.000000045,80,59,43,157,5,24,7,0,1,3,3.0,0,5.0,3,4,2,19,10,3
1378,14,199,117,60,1970-01-01 00:00:00.000000045,80,59,43,143,114,24,7,0,1,3,3.0,0,5.0,3,4,2,19,10,3
1404,25,220,257,5,1970-01-01 00:00:00.000000045,80,59,43,316,5,24,7,3,0,1,1.0,0,5.0,3,4,2,19,10,3
1437,1,56,31,62,1970-01-01 00:00:00.000000073,66,1,45,53,120,17,7,0,3,1,1.0,3,0.0,3,4,2,19,10,3
1438,1,199,26,60,1970-01-01 00:00:00.000000053,61,0,43,42,114,24,7,0,3,1,1.0,0,7.0,3,1,2,51,10,1
1439,10,233,190,5,1970-01-01 00:00:00.000000076,9,80,89,8,18,3,11,0,3,4,6.0,0,6.0,4,4,1,13,45,0
1443,1,214,26,60,1970-01-01 00:00:00.000000081,61,0,43,42,114,17,7,0,3,1,1.0,2,5.0,4,3,2,19,10,3
1446,1,325,33,61,1970-01-01 00:00:00.000000086,70,3,131,52,117,17,7,0,2,1,1.0,3,0.0,3,4,2,19,10,3
1455,14,202,175,14,1970-01-01 00:00:00.000000058,55,30,110,218,29,24,7,0,1,3,3.0,3,0.0,3,4,2,19,10,3
1435,1,333,26,60,1970-01-01 00:00:00.000000071,61,0,43,42,114,17,7,0,3,1,1.0,0,0.0,3,4,2,19,10,3
1432,21,286,28,12,1970-01-01 00:00:00.000000092,29,23,23,44,21,17,20,2,0,2,2.0,2,2.0,0,5,2,51,10,1
1417,12,68,83,40,1970-01-01 00:00:00.000000050,58,45,115,106,89,24,9,1,1,6,6.0,1,12.0,1,1,1,18,10,1
1409,25,220,140,23,1970-01-01 00:00:00.000000046,1,64,43,173,38,15,7,3,0,1,1.0,0,0.0,3,4,2,19,10,3
1412,14,220,71,14,1970-01-01 00:00:00.000000045,80,59,43,93,24,9,7,0,1,3,3.0,0,5.0,3,4,2,19,10,3
1414,14,202,19,5,1970-01-01 00:00:00.000000045,80,59,43,31,5,24,7,0,1,3,3.0,0,0.0,3,4,2,19,10,3
1418,14,266,172,13,1970-01-01 00:00:00.000000055,80,59,95,213,22,21,7,0,1,3,3.0,3,0.0,3,4,2,19,10,3
1426,18,295,285,54,1970-01-01 00:00:00.000000057,51,1,82,347,104,16,7,3,3,1,1.0,2,1.0,3,4,2,19,10,3
1298,8,220,245,60,1970-01-01 00:00:00.000000039,61,0,43,304,114,24,7,0,1,3,3.0,0,5.0,3,4,2,19,10,3
1299,14,220,143,22,1970-01-01 00:00:00.000000045,80,59,43,176,37,24,7,1,1,4,4.0,0,5.0,3,4,2,19,10,3
1300,14,199,277,6,1970-01-01 00:00:00.000000046,89,64,43,338,6,9,7,0,1,3,3.0,0,5.0,3,4,2,19,10,3
1301,14,199,279,60,1970-01-01 00:00:00.000000045,80,59,43,341,114,24,7,0,1,3,3.0,0,5.0,3,4,2,19,10,3
1305,14,220,268,14,1970-01-01 00:00:00.000000045,80,59,43,328,24,9,7,1,1,4,4.0,0,5.0,3,4,2,19,10,3
1307,14,200,69,43,1970-01-01 00:00:00.000000043,54,29,93,90,83,9,7,0,1,3,3.0,0,0.0,3,4,2,19,10,3
1293,8,220,103,15,1970-01-01 00:00:00.000000040,88,60,43,126,25,9,7,0,1,3,3.0,0,5.0,3,4,2,19,10,3
1273,14,220,240,6,1970-01-01 00:00:00.000000046,89,64,43,299,6,21,7,1,1,4,4.0,0,5.0,3,4,2,19,10,3
1277,14,202,163,14,1970-01-01 00:00:00.000000045,80,59,43,204,24,24,7,1,1,4,4.0,0,5.0,3,4,2,19,10,3
1278,14,206,192,14,1970-01-01 00:00:00.000000053,80,59,43,243,24,24,7,0,1,3,3.0,0,5.0,3,4,2,19,10,3
1281,25,208,82,27,1970-01-01 00:00:00.000000041,95,68,1,105,47,24,7,3,0,1,1.0,0,5.0,3,4,2,19,10,3
1288,14,207,169,37,1970-01-01 00:00:00.000000045,80,59,43,210,67,24,7,0,1,3,3.0,0,0.0,3,4,2,19,10,3
1316,14,220,218,6,1970-01-01 00:00:00.000000046,89,64,43,274,6,24,7,0,1,3,3.0,0,5.0,3,4,2,19,10,3
1340,14,199,278,6,1970-01-01 00:00:00.000000046,89,64,43,339,6,9,7,0,1,3,3.0,0,5.0,3,4,2,19,10,3
1341,25,220,278,6,1970-01-01 00:00:00.000000047,90,74,1,340,8,9,7,3,0,1,1.0,0,5.0,3,4,2,19,10,3
1350,19,220,113,60,1970-01-01 00:00:00.000000052,7,0,43,137,114,24,3,2,1,4,6.0,0,0.0,3,4,2,19,10,3
1326,18,220,178,31,1970-01-01 00:00:00.000000045,61,0,43,221,51,10,7,3,3,1,1.0,3,0.0,3,4,2,19,10,3
1322,14,220,19,5,1970-01-01 00:00:00.000000053,80,59,43,31,5,24,7,0,1,3,3.0,0,5.0,3,4,2,19,10,3
1323,14,220,34,5,1970-01-01 00:00:00.000000053,80,59,43,54,5,24,7,0,1,3,3.0,0,5.0,3,4,2,19,10,3
842,23,53,146,23,1970-01-01 00:00:00.000000021,91,66,1,185,39,24,7,2,1,2,2.0,3,0.0,3,4,2,19,10,3
819,14,220,169,29,1970-01-01 00:00:00.000000414,80,59,43,210,49,24,7,0,1,3,3.0,0,0.0,3,4,2,19,10,3
895,18,220,0,5,1970-01-01 00:00:00.000000414,61,0,43,0,5,20,7,3,3,1,1.0,0,5.0,3,4,2,19,10,3
869,14,220,13,62,1970-01-01 00:00:00.000000415,89,64,43,25,120,24,7,0,1,3,3.0,0,5.0,3,4,2,19,10,3
871,14,220,136,5,1970-01-01 00:00:00.000000414,80,59,43,163,5,24,7,0,1,3,3.0,0,5.0,3,4,2,19,10,3
880,14,234,215,52,1970-01-01 00:00:00.000000207,89,64,67,270,101,24,7,0,1,3,3.0,3,0.0,3,4,2,19,10,3
817,23,229,143,22,1970-01-01 00:00:00.000000034,95,53,117,178,39,24,7,3,1,2,2.0,3,0.0,3,4,2,19,10,3
752,23,220,146,23,1970-01-01 00:00:00.000000017,95,66,1,185,39,24,7,3,1,2,2.0,0,0.0,3,4,2,19,10,3
740,14,220,192,14,1970-01-01 00:00:00.000000018,80,59,43,243,24,24,7,0,1,3,3.0,0,0.0,3,4,2,19,10,3
796,14,207,12,14,1970-01-01 00:00:00.000000018,80,59,43,23,24,24,7,0,1,3,3.0,0,5.0,3,4,2,19,10,3
805,14,205,170,38,1970-01-01 00:00:00.000000415,89,64,43,211,68,24,7,0,1,3,3.0,0,0.0,3,4,2,19,10,3
808,14,235,9,5,1970-01-01 00:00:00.000000038,80,59,95,17,5,24,7,0,1,3,3.0,0,0.0,3,4,2,19,10,3
781,14,1,109,40,1970-01-01 00:00:00.000000030,95,40,117,134,87,24,7,1,1,4,4.0,0,0.0,3,4,2,19,10,3
776,19,220,227,40,1970-01-01 00:00:00.000000019,9,44,43,287,72,13,7,3,1,3,3.0,0,0.0,3,4,2,19,10,3
777,14,334,9,5,1970-01-01 00:00:00.000000023,84,50,53,19,9,9,7,1,1,4,4.0,3,0.0,3,4,2,19,10,3
786,19,220,230,43,1970-01-01 00:00:00.000000014,22,42,2,286,80,13,7,3,1,6,9.0,0,0.0,3,4,2,19,10,3
788,14,220,249,6,1970-01-01 00:00:00.000000040,59,25,43,308,6,9,7,1,1,4,4.0,0,5.0,3,4,2,19,10,3
1087,0,220,6,6,1970-01-01 00:00:00.000000036,9,52,43,14,6,24,7,0,3,1,1.0,0,5.0,3,4,2,19,10,3
1032,19,199,190,40,1970-01-01 00:00:00.000000029,49,37,90,6,77,23,4,2,1,4,6.0,3,0.0,3,4,0,42,46,0
1038,14,220,227,40,1970-01-01 00:00:00.000000027,83,47,43,287,72,24,7,0,1,3,3.0,0,0.0,3,4,2,19,10,3
1020,14,220,195,5,1970-01-01 00:00:00.000000039,33,22,43,246,5,24,7,1,1,4,4.0,0,5.0,3,4,2,19,10,3
1009,23,220,145,23,1970-01-01 00:00:00.000000019,89,64,43,180,38,15,7,3,1,2,2.0,0,5.0,3,4,2,19,10,3
1019,23,220,145,23,1970-01-01 00:00:00.000000021,92,74,1,181,39,24,7,3,1,2,2.0,0,0.0,3,4,2,19,10,3
1016,20,198,144,24,1970-01-01 00:00:00.000000025,102,73,66,179,42,24,6,2,1,4,4.0,3,0.0,3,4,2,19,10,3
1017,14,220,110,43,1970-01-01 00:00:00.000000026,7,22,43,133,70,24,7,0,1,3,3.0,0,5.0,3,4,2,19,10,3
1072,14,199,106,60,1970-01-01 00:00:00.000000026,80,59,43,130,114,24,7,0,1,3,3.0,0,5.0,3,4,2,19,10,3
1074,14,202,99,40,1970-01-01 00:00:00.000000026,80,59,43,122,70,24,7,0,1,3,3.0,0,5.0,3,4,2,19,10,3
1078,14,203,172,13,1970-01-01 00:00:00.000000018,80,59,43,213,22,24,7,0,1,3,3.0,0,5.0,3,4,2,19,10,3
1081,14,200,17,15,1970-01-01 00:00:00.000000044,60,40,114,29,27,9,7,1,1,4,4.0,0,0.0,3,4,2,19,10,3
1082,0,220,157,5,1970-01-01 00:00:00.000000031,0,22,95,196,5,9,7,1,2,2,2.0,0,6.0,3,0,0,15,42,0
1065,20,213,229,43,1970-01-01 00:00:00.000000032,21,35,92,284,86,24,6,2,1,4,4.0,3,0.0,3,4,2,19,10,3
1056,23,220,143,22,1970-01-01 00:00:00.000000018,80,59,43,176,37,24,7,3,1,2,2.0,0,5.0,3,4,2,19,10,3
933,18,327,246,56,1970-01-01 00:00:00.000000414,33,22,21,305,108,24,7,3,3,2,2.0,0,0.0,3,4,2,19,10,3
941,19,220,230,43,1970-01-01 00:00:00.000000021,23,38,1,285,78,14,7,3,1,4,4.0,0,0.0,3,4,2,19,10,3
947,19,220,227,40,1970-01-01 00:00:00.000000020,32,46,0,289,75,18,7,3,1,5,7.0,0,5.0,3,4,2,19,10,3
911,14,209,146,23,1970-01-01 00:00:00.000000019,89,64,43,184,38,24,7,0,1,3,3.0,0,5.0,3,4,2,19,10,3
924,19,220,12,14,1970-01-01 00:00:00.000000018,75,59,43,23,24,24,7,3,1,3,3.0,0,5.0,3,4,2,19,10,3
953,14,199,94,5,1970-01-01 00:00:00.000000015,80,59,43,117,5,9,7,0,1,3,3.0,0,5.0,3,4,2,19,10,3
981,14,202,108,60,1970-01-01 00:00:00.000000026,80,59,43,132,114,24,7,0,1,3,3.0,0,5.0,3,4,2,19,10,3
991,14,220,61,15,1970-01-01 00:00:00.000000018,47,48,43,82,24,24,7,0,1,3,3.0,0,5.0,3,4,2,19,10,3
994,7,269,70,33,1970-01-01 00:00:00.000000101,68,16,38,92,63,3,9,0,2,3,3.0,0,8.0,5,3,2,52,10,1
956,0,220,266,6,1970-01-01 00:00:00.000000047,4,40,1,325,8,22,7,0,3,1,1.0,0,5.0,3,4,2,19,10,3
957,0,200,67,22,1970-01-01 00:00:00.000000026,75,59,43,88,37,24,7,0,3,1,1.0,0,5.0,3,4,2,19,10,3
959,14,200,181,60,1970-01-01 00:00:00.000000027,86,75,43,224,119,24,7,0,1,3,3.0,0,5.0,3,4,2,19,10,3
966,14,200,15,23,1970-01-01 00:00:00.000000027,89,64,43,27,38,24,7,0,1,3,3.0,0,0.0,3,4,2,19,10,3
970,14,199,264,5,1970-01-01 00:00:00.000000414,80,59,43,324,5,24,7,0,1,3,3.0,0,5.0,3,4,2,19,10,3
972,19,220,96,40,1970-01-01 00:00:00.000000072,40,58,107,119,81,24,7,2,1,4,4.0,0,0.0,3,4,2,19,10,3
